-- phpMyAdmin SQL Dump
-- version 3.2.4
-- http://www.phpmyadmin.net
--
-- Host: localhost
-- Generation Time: Apr 05, 2014 at 07:03 PM
-- Server version: 5.1.41
-- PHP Version: 5.3.1

SET SQL_MODE="NO_AUTO_VALUE_ON_ZERO";


/*!40101 SET @OLD_CHARACTER_SET_CLIENT=@@CHARACTER_SET_CLIENT */;
/*!40101 SET @OLD_CHARACTER_SET_RESULTS=@@CHARACTER_SET_RESULTS */;
/*!40101 SET @OLD_COLLATION_CONNECTION=@@COLLATION_CONNECTION */;
/*!40101 SET NAMES utf8 */;

--
-- Database: `mux`
--

-- --------------------------------------------------------

--
-- Table structure for table `mhs`
--

CREATE TABLE IF NOT EXISTS `mhs` (
  `nim` varchar(10) NOT NULL DEFAULT '',
  `namamhs` varchar(30) DEFAULT NULL,
  `alamat` text,
  PRIMARY KEY (`nim`)
) ENGINE=MyISAM DEFAULT CHARSET=latin1;

--
-- Dumping data for table `mhs`
--

INSERT INTO `mhs` (`nim`, `namamhs`, `alamat`) VALUES
('444', 'ini', 'itu'),
('222', 'bnyak', 'duduk'),
('555', 'siapa', 'dia');

-- --------------------------------------------------------

--
-- Table structure for table `tb_alat`
--

CREATE TABLE IF NOT EXISTS `tb_alat` (
  `id_alat` varchar(20) NOT NULL,
  `lokasi` varchar(50) NOT NULL,
  `kegunaan` varchar(20) NOT NULL,
  `merk` varchar(20) NOT NULL,
  `thn_oper` char(4) NOT NULL,
  `kondisi` enum('baik','rusak') NOT NULL,
  PRIMARY KEY (`id_alat`)
) ENGINE=InnoDB DEFAULT CHARSET=latin1;

--
-- Dumping data for table `tb_alat`
--

INSERT INTO `tb_alat` (`id_alat`, `lokasi`, `kegunaan`, `merk`, `thn_oper`, `kondisi`) VALUES
('tlkm0008989i', 'okoko', 'jkjkj', 'huhuhu', '2007', 'baik'),
('tlkm00454646499000', 'layoue', 'arnet sbb', 'ok', '2013', 'rusak'),
('tlkm0090099', 'sbb', 'ukur meter', 'siemens cx500 c', '2013', 'rusak');

-- --------------------------------------------------------

--
-- Table structure for table `tb_backbone`
--

CREATE TABLE IF NOT EXISTS `tb_backbone` (
  `id_backbone` int(11) NOT NULL AUTO_INCREMENT,
  `kode` varchar(50) NOT NULL,
  `id_sistra` int(11) NOT NULL,
  `avail2mbps` int(11) NOT NULL,
  `availstm1` int(11) NOT NULL,
  `availstm4` int(11) NOT NULL,
  `availstm16` int(11) NOT NULL,
  `availstm64` int(11) NOT NULL,
  `keterangan` text NOT NULL,
  PRIMARY KEY (`id_backbone`),
  KEY `id_sistra` (`id_sistra`),
  KEY `id_sistra_2` (`id_sistra`)
) ENGINE=InnoDB  DEFAULT CHARSET=latin1 AUTO_INCREMENT=5 ;

--
-- Dumping data for table `tb_backbone`
--

INSERT INTO `tb_backbone` (`id_backbone`, `kode`, `id_sistra`, `avail2mbps`, `availstm1`, `availstm4`, `availstm16`, `availstm64`, `keterangan`) VALUES
(1, 'ZTE SB-BD', 1, 2009, 0, 0, 0, 0, 'SURABYA BANDUNG'),
(2, 'ZTE SB-JKT', 1, 900, 0, 0, 0, 0, 'SURABAYA JAKARTA'),
(3, 'ZTE SB-SM', 1, 936, 0, 0, 0, 0, 'ZTE SB-SM'),
(4, 'ZTE SB-JR', 1, 500, 0, 0, 0, 0, 'SURABAYA-JEMBER');

-- --------------------------------------------------------

--
-- Table structure for table `tb_ggn`
--

CREATE TABLE IF NOT EXISTS `tb_ggn` (
  `id_ggn` int(11) NOT NULL AUTO_INCREMENT,
  `sistra` varchar(50) NOT NULL,
  `linkx` varchar(20) NOT NULL,
  `lokasi` varchar(20) NOT NULL,
  `uraian` varchar(250) NOT NULL,
  `tgl` date NOT NULL,
  `jmA` time NOT NULL,
  `jmB` time NOT NULL,
  `pet` varchar(250) NOT NULL,
  `id_koordinasi` int(11) NOT NULL,
  PRIMARY KEY (`id_ggn`),
  KEY `id_solver` (`id_koordinasi`),
  KEY `id_koordinasi` (`id_koordinasi`),
  KEY `id_koordinasi_2` (`id_koordinasi`),
  KEY `id_koordinasi_3` (`id_koordinasi`)
) ENGINE=InnoDB DEFAULT CHARSET=latin1 AUTO_INCREMENT=1 ;

--
-- Dumping data for table `tb_ggn`
--


-- --------------------------------------------------------

--
-- Table structure for table `tb_koordinasi`
--

CREATE TABLE IF NOT EXISTS `tb_koordinasi` (
  `id_koordinasi` int(11) NOT NULL AUTO_INCREMENT,
  `id_loker` int(11) NOT NULL,
  `telp` varchar(15) NOT NULL,
  `telp2` varchar(15) NOT NULL,
  `id_peg` int(11) NOT NULL,
  PRIMARY KEY (`id_koordinasi`),
  KEY `id_peg` (`id_peg`)
) ENGINE=InnoDB DEFAULT CHARSET=latin1 AUTO_INCREMENT=1 ;

--
-- Dumping data for table `tb_koordinasi`
--


-- --------------------------------------------------------

--
-- Table structure for table `tb_linka`
--

CREATE TABLE IF NOT EXISTS `tb_linka` (
  `id_linka` int(11) NOT NULL AUTO_INCREMENT,
  `keterangan` text NOT NULL,
  `nama` varchar(11) NOT NULL,
  PRIMARY KEY (`id_linka`)
) ENGINE=InnoDB  DEFAULT CHARSET=latin1 AUTO_INCREMENT=48 ;

--
-- Dumping data for table `tb_linka`
--

INSERT INTO `tb_linka` (`id_linka`, `keterangan`, `nama`) VALUES
(1, 'surabaya', 'SB'),
(2, 'malang', 'ML'),
(3, 'jember', 'JR'),
(4, 'jakarta', 'JKT'),
(5, 'bandung', 'BD'),
(6, 'kebalen', 'KBL'),
(7, 'SB3G', 'SB3G'),
(8, 'LMG', 'LMG'),
(9, 'BBA', 'BBA'),
(10, 'SB1G', 'SB1G'),
(11, 'BKL', 'BKL'),
(12, 'ANTV', 'ANTV'),
(13, 'PS', 'PS'),
(14, 'SB1T', 'SB1T'),
(15, 'RKT', 'RKT'),
(16, 'PDA', 'PDA'),
(17, 'MGO', 'MGO'),
(18, 'MKS', 'MKS'),
(19, 'SB3T', 'SB3T'),
(20, '', ''),
(21, 'SB1', 'SB1'),
(22, 'SB1NGN', 'SB1NGN'),
(23, 'DPR', 'DPR'),
(24, 'BJM', 'BJM'),
(25, 'SB2G', 'SB2G'),
(26, 'SB2', 'SB2'),
(27, 'MN', 'MN'),
(28, 'MO', 'MO'),
(29, 'BPP', 'BPP'),
(30, 'GBR', 'GBR'),
(31, 'MDN', 'MDN'),
(32, 'GS', 'GS'),
(33, 'PBO', 'PBO'),
(34, 'DMO', 'DMO'),
(35, 'PTK', 'PTK'),
(36, 'KLA', 'KLA'),
(37, 'LKS', 'LKS'),
(38, 'KPS', 'KPS'),
(39, 'DRM', 'DRM'),
(40, 'MENUR', 'MENUR'),
(41, 'SB3', 'SB3'),
(42, 'MNR', 'MNR'),
(43, 'PERAK', 'PERAK'),
(44, 'SM', 'SM'),
(45, 'SPEARE', 'SPEARE'),
(46, 'TRUNK', 'TRUNK'),
(47, '33', '33');

-- --------------------------------------------------------

--
-- Table structure for table `tb_linkb`
--

CREATE TABLE IF NOT EXISTS `tb_linkb` (
  `id_linkb` int(11) NOT NULL AUTO_INCREMENT,
  `keterangan` text,
  `nama` varchar(20) NOT NULL,
  PRIMARY KEY (`id_linkb`)
) ENGINE=InnoDB  DEFAULT CHARSET=latin1 AUTO_INCREMENT=52 ;

--
-- Dumping data for table `tb_linkb`
--

INSERT INTO `tb_linkb` (`id_linkb`, `keterangan`, `nama`) VALUES
(1, 'bandung', 'BD'),
(2, 'jakarta', 'JKT'),
(3, 'surabaya', 'SB'),
(4, 'madiun', 'MN'),
(5, 'malang', 'ML'),
(6, 'GRAHA PENA JAWAPOS', 'G.PENA'),
(7, 'MKS', 'MKS'),
(8, 'BPP', 'BPP'),
(9, 'GBR', 'GBR'),
(10, 'JKT3', 'JKT3'),
(11, 'JTN', 'JTN'),
(12, 'BATAM', 'BATAM'),
(13, 'JTM', 'JTM'),
(14, '', ''),
(15, 'JR', 'JR'),
(16, 'MDN', 'MDN'),
(17, 'MDN1G', 'MDN1G'),
(18, 'PD', 'PD'),
(19, 'JKT2', 'JKT2'),
(20, 'MO', 'MO'),
(21, 'SMI', 'SMI'),
(22, 'BJM', 'BJM'),
(23, 'BTM', 'BTM'),
(24, 'JKT4', 'JKT4'),
(25, 'PBR', 'PBR'),
(26, 'DPR', 'DPR'),
(27, 'SNG', 'SNG'),
(28, 'ITALY', 'ITALY'),
(29, 'JEDDAH', 'JEDDAH'),
(30, 'PG', 'PG'),
(31, 'USA', 'USA'),
(32, 'MAL4 ', 'MAL4 '),
(33, 'JKT4T', 'JKT4T'),
(34, 'MCI USA', 'MCI USA'),
(35, ' HK', ' HK'),
(36, 'MAL', 'MAL'),
(37, 'JKT2T', 'JKT2T'),
(38, 'PG1G', 'PG1G'),
(39, 'JPN', 'JPN'),
(40, 'PTK', 'PTK'),
(41, 'JATI NEGARA', 'JATI NEGARA'),
(42, 'JKT3 (GBR)', 'JKT3 (GBR)'),
(43, 'JPG', 'JPG'),
(44, 'CAN', 'CAN'),
(45, 'KOR', 'KOR'),
(46, 'SM', 'SM'),
(47, 'YGA', 'YGA'),
(48, 'SPEARE', 'SPEARE'),
(49, 'SLO', 'SLO'),
(50, 'STP', 'STP'),
(51, '6', '6');

-- --------------------------------------------------------

--
-- Table structure for table `tb_loker`
--

CREATE TABLE IF NOT EXISTS `tb_loker` (
  `id_loker` int(11) NOT NULL AUTO_INCREMENT,
  `loker` varchar(100) NOT NULL,
  PRIMARY KEY (`id_loker`)
) ENGINE=MyISAM  DEFAULT CHARSET=latin1 AUTO_INCREMENT=6 ;

--
-- Dumping data for table `tb_loker`
--

INSERT INTO `tb_loker` (`id_loker`, `loker`) VALUES
(1, 'kebalen'),
(3, 'ketintang'),
(4, 'suramadu'),
(5, 'ngagel jaya utara');

-- --------------------------------------------------------

--
-- Table structure for table `tb_peg`
--

CREATE TABLE IF NOT EXISTS `tb_peg` (
  `id_peg` int(11) NOT NULL AUTO_INCREMENT,
  `nik` varchar(20) NOT NULL,
  `nama` text NOT NULL,
  `alamat` text NOT NULL,
  `username` varchar(50) NOT NULL,
  `password` text NOT NULL,
  `id_level` enum('admin','user','public') NOT NULL,
  `id_session` text NOT NULL,
  PRIMARY KEY (`id_peg`)
) ENGINE=InnoDB  DEFAULT CHARSET=latin1 AUTO_INCREMENT=20 ;

--
-- Dumping data for table `tb_peg`
--

INSERT INTO `tb_peg` (`id_peg`, `nik`, `nama`, `alamat`, `username`, `password`, `id_level`, `id_session`) VALUES
(1, '111111111111', 'mokhamad taufik', 'jalan moker ajaa', 'opik', '202cb962ac59075b964b07152d234b70', 'admin', '2am629m5lb4u8tl2e21f83sj67'),
(9, '612030', 'mulyono', 'pagesangan', '612030', 'a07c7767a98b8e26418ceb19316475d3', 'user', ''),
(10, '621350', 'sugiyono', 'sidoarjo gg,10', '621350', '025db44c7bed5aad0be250dd67f1321b', 'user', ''),
(13, '613020', 'soimah', 'ds.wates boyo', '123', '202cb962ac59075b964b07152d234b70', 'user', 'lfamt9k6qlhsl5gtf5kabbqpd4'),
(15, '613040', 'noni', 'jalan andes', '123', '202cb962ac59075b964b07152d234b70', 'user', 'lfamt9k6qlhsl5gtf5kabbqpd4'),
(19, '612054', 'okelah', 'jaan sepande', 'admin', '202cb962ac59075b964b07152d234b70', 'admin', 'j7gskdjhn2r34nl2pqd0vluqv6');

-- --------------------------------------------------------

--
-- Table structure for table `tb_perangkat`
--

CREATE TABLE IF NOT EXISTS `tb_perangkat` (
  `id` char(4) NOT NULL,
  `merk` varchar(50) NOT NULL,
  `type` varchar(50) NOT NULL,
  `thn_oper` int(11) NOT NULL,
  `thn_noper` int(11) NOT NULL,
  PRIMARY KEY (`id`)
) ENGINE=InnoDB DEFAULT CHARSET=latin1;

--
-- Dumping data for table `tb_perangkat`
--

INSERT INTO `tb_perangkat` (`id`, `merk`, `type`, `thn_oper`, `thn_noper`) VALUES
('P001', 'ZTE', 'TE M980', 2005, 0),
('P002', 'ALCATEL', 'ALCATEL 1660 SM', 1998, 0),
('P003', 'NEC', 'NEC_MR', 2013, 0),
('P004', 'PDH_SIEMENS', 'PDH_SIEMENS RAPIII', 1997, 0),
('P005', 'TEJAS', 'TJ001A', 2002, 0),
('P006', 'NEC', 'm980', 2010, 2013),
('P007', 'NEC', 'M980', 2005, 2012);

-- --------------------------------------------------------

--
-- Table structure for table `tb_perangkat_detail`
--

CREATE TABLE IF NOT EXISTS `tb_perangkat_detail` (
  `id_per_detail` int(11) NOT NULL AUTO_INCREMENT,
  `id_per` varchar(20) NOT NULL,
  `ddf_a` varchar(50) NOT NULL,
  `ddf_b` varchar(50) NOT NULL,
  `channelida` varchar(50) NOT NULL,
  `channelidb` varchar(50) NOT NULL,
  `id_backbone` int(11) NOT NULL,
  PRIMARY KEY (`id_per_detail`),
  KEY `id_per` (`id_per`),
  KEY `id_per_2` (`id_per`),
  KEY `id_per_3` (`id_per`),
  KEY `id_backbone` (`id_backbone`) USING BTREE
) ENGINE=InnoDB  DEFAULT CHARSET=latin1 AUTO_INCREMENT=855 ;

--
-- Dumping data for table `tb_perangkat_detail`
--

INSERT INTO `tb_perangkat_detail` (`id_per_detail`, `id_per`, `ddf_a`, `ddf_b`, `channelida`, `channelidb`, `id_backbone`) VALUES
(1, 'P001', 'J02_04_01', 'A13_10_01', 'R1_SR2_SL13_01', 'R2_SR1_SL_1_1', 3),
(2, 'P001', 'J02_04_02', 'A13_10_02', 'R1_SR2_SL13_02', 'R2_SR1_SL_1_2', 3),
(3, 'P001', 'J02_04_03', 'A13_10_03', 'R1_SR2_SL13_03', 'R2_SR1_SL_1_3', 3),
(4, 'P001', 'J02_04_04', 'A13_10_04', 'R1_SR2_SL13_04', 'R2_SR1_SL_1_4', 3),
(5, 'P001', 'J02_04_05', 'A13_10_05', 'R1_SR2_SL13_05', 'R2_SR1_SL_1_5', 3),
(6, 'P001', 'J02_04_06', 'A13_10_06', 'R1_SR2_SL13_06', 'R2_SR1_SL_1_6', 3),
(7, 'P001', 'J02_04_07', 'A13_10_07', 'R1_SR2_SL13_07', 'R2_SR1_SL_1_7', 3),
(8, 'P001', 'J02_04_08', 'A13_10_08', 'R1_SR2_SL13_08', 'R2_SR1_SL_1_8', 3),
(9, 'P001', 'J02_04_09', 'A13_10_09', 'R1_SR2_SL13_09', 'R2_SR1_SL_1_9', 3),
(10, 'P001', 'J02_04_10', 'A13_10_10', 'R1_SR2_SL13_10', 'R2_SR1_SL_1_10', 3),
(11, 'P001', 'J02_04_11', 'A13_10_11', 'R1_SR2_SL13_11', 'R2_SR1_SL_1_11', 3),
(12, 'P001', 'J02_04_12', 'A13_10_12', 'R1_SR2_SL13_12', 'R2_SR1_SL_1_12', 3),
(13, 'P001', 'J02_04_13', 'A13_10_13', 'R1_SR2_SL13_13', 'R2_SR1_SL_1_13', 3),
(14, 'P001', 'J02_04_14', 'A13_10_14', 'R1_SR2_SL13_14', 'R2_SR1_SL_1_14', 3),
(15, 'P001', 'J02_04_15', 'A13_10_15', 'R1_SR2_SL13_15', 'R2_SR1_SL_1_15', 3),
(16, 'P001', 'J02_04_16', 'A13_10_16', 'R1_SR2_SL13_16', 'R2_SR1_SL_1_16', 3),
(17, 'P001', 'J02_04_17', 'A13_10_17', 'R1_SR2_SL13_17', 'R2_SR1_SL_1_17', 3),
(18, 'P001', 'J02_04_18', 'A13_10_18', 'R1_SR2_SL13_18', 'R2_SR1_SL_1_18', 3),
(19, 'P001', 'J02_04_19', 'A13_10_19', 'R1_SR2_SL13_19', 'R2_SR1_SL_1_19', 3),
(20, 'P001', 'J02_04_20', 'A13_10_20', 'R1_SR2_SL13_20', 'R2_SR1_SL_1_20', 3),
(21, 'P001', 'J02_04_21', 'A13_10_21', 'R1_SR2_SL13_21', 'R2_SR1_SL_1_21', 3),
(22, 'P001', 'J02_05_01', 'A13_11_01', 'R1_SR2_SL14_01', 'R2_SR1_SL_2_1', 3),
(23, 'P001', 'J02_05_02', 'A13_11_02', 'R1_SR2_SL14_02', 'R2_SR1_SL_2_2', 3),
(24, 'P001', 'J02_05_03', 'A13_11_03', 'R1_SR2_SL14_03', 'R2_SR1_SL_2_3', 3),
(25, 'P001', 'J02_05_04', 'A13_11_04', 'R1_SR2_SL14_04', 'R2_SR1_SL_2_4', 3),
(26, 'P001', 'J02_05_05', 'A13_11_05', 'R1_SR2_SL14_05', 'R2_SR1_SL_2_5', 3),
(27, 'P001', 'J02_05_06', 'A13_11_06', 'R1_SR2_SL14_06', 'R2_SR1_SL_2_6', 3),
(28, 'P001', 'J02_05_07', 'A13_11_07', 'R1_SR2_SL14_07', 'R2_SR1_SL_2_7', 3),
(29, 'P001', 'J02_05_08', 'A13_11_08', 'R1_SR2_SL14_08', 'R2_SR1_SL_2_8', 3),
(30, 'P001', 'J02_05_09', 'A13_11_09', 'R1_SR2_SL14_09', 'R2_SR1_SL_2_9', 3),
(31, 'P001', 'J02_05_10', 'A13_11_10', 'R1_SR2_SL14_10', 'R2_SR1_SL_2_10', 3),
(32, 'P001', 'J02_05_11', 'A13_11_11', 'R1_SR2_SL14_11', 'R2_SR1_SL_2_11', 3),
(33, 'P001', 'J02_05_12', 'A13_11_12', 'R1_SR2_SL14_12', 'R2_SR1_SL_2_12', 3),
(34, 'P001', 'J02_05_13', 'A13_11_13', 'R1_SR2_SL14_13', 'R2_SR1_SL_2_13', 3),
(35, 'P001', 'J02_05_14', 'A13_11_14', 'R1_SR2_SL14_14', 'R2_SR1_SL_2_14', 3),
(36, 'P001', 'J02_05_15', 'A13_11_15', 'R1_SR2_SL14_15', 'R2_SR1_SL_2_15', 3),
(37, 'P001', 'J02_05_16', 'A13_11_16', 'R1_SR2_SL14_16', 'R2_SR1_SL_2_16', 3),
(38, 'P001', 'J02_05_17', 'A13_11_17', 'R1_SR2_SL14_17', 'R2_SR1_SL_2_17', 3),
(39, 'P001', 'J02_05_18', 'A13_11_18', 'R1_SR2_SL14_18', 'R2_SR1_SL_2_18', 3),
(40, 'P001', 'J02_05_19', 'A13_11_19', 'R1_SR2_SL14_19', 'R2_SR1_SL_2_19', 3),
(41, 'P001', 'J02_05_20', 'A13_11_20', 'R1_SR2_SL14_20', 'R2_SR1_SL_2_20', 3),
(42, 'P001', 'J02_05_21', 'A13_11_21', 'R1_SR2_SL14_21', 'R2_SR1_SL_2_21', 3),
(43, 'P001', 'J02_06_01', 'A13_12-01', 'R1_SR2_SL15_01', 'R2_SR1_SL3_1', 3),
(44, 'P001', 'J02_06_02', 'A13_12-02', 'R1_SR2_SL15_02', 'R2_SR1_SL3_2', 3),
(45, 'P001', 'J02_06_03', 'A13_12-03', 'R1_SR2_SL15_03', 'R2_SR1_SL3_3', 3),
(46, 'P001', 'J02_06_04', 'A13_12-04', 'R1_SR2_SL15_04', 'R2_SR1_SL3_4', 3),
(47, 'P001', 'J02_06_05', 'A13_12-05', 'R1_SR2_SL15_05', 'R2_SR1_SL3_5', 3),
(48, 'P001', 'J02_06_06', 'A13_12-06', 'R1_SR2_SL15_06', 'R2_SR1_SL3_6', 3),
(49, 'P001', 'J02_06_07', 'A13_12-07', 'R1_SR2_SL15_07', 'R2_SR1_SL3_7', 3),
(50, 'P001', 'J02_06_08', 'A13_12-08', 'R1_SR2_SL15_08', 'R2_SR1_SL3_8', 3),
(51, 'P001', 'J02_06_09', 'A13_12-09', 'R1_SR2_SL15_09', 'R2_SR1_SL3_9', 3),
(52, 'P001', 'J02_06_10', 'A13_12-10', 'R1_SR2_SL15_10', 'R2_SR1_SL3_10', 3),
(53, 'P001', 'J02_06_11', 'A13_12-11', 'R1_SR2_SL15_11', 'R2_SR1_SL3_11', 3),
(54, 'P001', 'J02_06_12', 'A13_12-12', 'R1_SR2_SL15_12', 'R2_SR1_SL3_12', 3),
(55, 'P001', 'J02_06_13', 'A13_12-13', 'R1_SR2_SL15_13', 'R2_SR1_SL3_13', 3),
(56, 'P001', 'J02_06_14', 'A13_12-14', 'R1_SR2_SL15_14', 'R2_SR1_SL3_14', 3),
(57, 'P001', 'J02_06_15', 'A13_12-15', 'R1_SR2_SL15_15', 'R2_SR1_SL3_15', 3),
(58, 'P001', 'J02_06_16', 'A13_12-16', 'R1_SR2_SL15_16', 'R2_SR1_SL3_16', 3),
(59, 'P001', 'J02_06_17', 'A13_12-17', 'R1_SR2_SL15_17', 'R2_SR1_SL3_17', 3),
(60, 'P001', 'J02_06_18', 'A13_12-18', 'R1_SR2_SL15_18', 'R2_SR1_SL3_18', 3),
(61, 'P001', 'J02_06_19', 'A13_12-19', 'R1_SR2_SL15_19', 'R2_SR1_SL3_19', 3),
(62, 'P001', 'J02_06_20', 'A13_12-20', 'R1_SR2_SL15_20', 'R2_SR1_SL3_20', 3),
(63, 'P001', 'J02_06_21', 'A13_12-21', 'R1_SR2_SL15_21', 'R2_SR1_SL3_21', 3),
(64, 'P001', 'J02_07_01', 'A14_01_01', 'R2_SR1_SL_1_01', 'R2_SR1_SL_4_1', 3),
(65, 'P001', 'J02_07_02', 'A14_01_02', 'R2_SR1_SL_1_02', 'R2_SR1_SL_4_2', 3),
(66, 'P001', 'J02_07_03', 'A14_01_03', 'R2_SR1_SL_1_03', 'R2_SR1_SL_4_3', 3),
(67, 'P001', 'J02_07_04', 'A14_01_04', 'R2_SR1_SL_1_04', 'R2_SR1_SL_4_4', 3),
(68, 'P001', 'J02_07_05', 'A14_01_05', 'R2_SR1_SL_1_05', 'R2_SR1_SL_4_5', 3),
(69, 'P001', 'J02_07_06', 'A14_01_06', 'R2_SR1_SL_1_06', 'R2_SR1_SL_4_6', 3),
(70, 'P001', 'J02_07_07', 'A14_01_07', 'R2_SR1_SL_1_07', 'R2_SR1_SL_4_7', 3),
(71, 'P001', 'J02_07_08', 'A14_01_08', 'R2_SR1_SL_1_08', 'R2_SR1_SL_4_8', 3),
(72, 'P001', 'J02_07_09', 'A14_01_09', 'R2_SR1_SL_1_09', 'R2_SR1_SL_4_9', 3),
(73, 'P001', 'J02_07_10', 'A14_01_10', 'R2_SR1_SL_1_10', 'R2_SR1_SL_4_10', 3),
(74, 'P001', 'J02_07_11', 'A14_01_11', 'R2_SR1_SL_1_11', 'R2_SR1_SL_4_11', 3),
(75, 'P001', 'J02_07_12', 'A14_01_12', 'R2_SR1_SL_1_12', 'R2_SR1_SL_4_12', 3),
(76, 'P001', 'J02_07_13', 'A14_01_13', 'R2_SR1_SL_1_13', 'R2_SR1_SL_4_13', 3),
(77, 'P001', 'J02_07_14', 'A14_01_14', 'R2_SR1_SL_1_14', 'R2_SR1_SL_4_14', 3),
(78, 'P001', 'J02_07_15', 'A14_01_15', 'R2_SR1_SL_1_15', 'R2_SR1_SL_4_15', 3),
(79, 'P001', 'J02_07_16', 'A14_01_16', 'R2_SR1_SL_1_16', 'R2_SR1_SL_4_16', 3),
(80, 'P001', 'J02_07_17', 'A14_01_17', 'R2_SR1_SL_1_17', 'R2_SR1_SL_4_17', 3),
(81, 'P001', 'J02_07_18', 'A14_01_18', 'R2_SR1_SL_1_18', 'R2_SR1_SL_4_18', 3),
(82, 'P001', 'J02_07_19', 'A14_01_19', 'R2_SR1_SL_1_19', 'R2_SR1_SL_4_19', 3),
(83, 'P001', 'J02_07_20', 'A14_01_20', 'R2_SR1_SL_1_20', 'R2_SR1_SL_4_20', 3),
(84, 'P001', 'J02_07_21', 'A14_01_21', 'R2_SR1_SL_1_21', 'R2_SR1_SL_4_21', 3),
(85, 'P001', 'J02_08_01', 'A14_02_01', 'R2/SR1/SL2_1', 'R2_SR1_SL11_1', 3),
(86, 'P001', 'J02_08_02', 'A14_02_02', 'R2/SR1/SL2_2', 'R2_SR1_SL11_2', 3),
(87, 'P001', 'J02_08_03', 'A14_02_03', 'R2/SR1/SL2_3', 'R2_SR1_SL11_3', 3),
(88, 'P001', 'J02_08_04', 'A14_02_04', 'R2/SR1/SL2_4', 'R2_SR1_SL11_4', 3),
(89, 'P001', 'J02_08_05', 'A14_02_05', 'R2/SR1/SL2_5', 'R2_SR1_SL11_5', 3),
(90, 'P001', 'J02_08_06', 'A14_02_06', 'R2/SR1/SL2_6', 'R2_SR1_SL11_6', 3),
(91, 'P001', 'J02_08_07', 'A14_02_07', 'R2/SR1/SL2_7', 'R2_SR1_SL11_7', 3),
(92, 'P001', 'J02_08_08', 'A14_02_08', 'R2/SR1/SL2_8', 'R2_SR1_SL11_8', 3),
(93, 'P001', 'J02_08_09', 'A14_02_09', 'R2/SR1/SL2_9', 'R2_SR1_SL11_9', 3),
(94, 'P001', 'J02_08_10', 'A14_02_10', 'R2/SR1/SL2_10', 'R2_SR1_SL11_10', 3),
(95, 'P001', 'J02_08_11', 'A14_02_11', 'R2/SR1/SL2_11', 'R2_SR1_SL11_11', 3),
(96, 'P001', 'J02_08_12', 'A14_02_12', 'R2/SR1/SL2_12', 'R2_SR1_SL11_12', 3),
(97, 'P001', 'J02_08_13', 'A14_02_13', 'R2/SR1/SL2_13', 'R2_SR1_SL11_13', 3),
(98, 'P001', 'J02_08_14', 'A14_02_14', 'R2/SR1/SL2_14', 'R2_SR1_SL11_14', 3),
(99, 'P001', 'J02_08_15', 'A14_02_15', 'R2/SR1/SL2_15', 'R2_SR1_SL11_15', 3),
(100, 'P001', 'J02_08_16', 'A14_02_16', 'R2/SR1/SL2_16', 'R2_SR1_SL11_16', 3),
(101, 'P001', 'J02_08_17', 'A14_02_17', 'R2/SR1/SL2_17', 'R2_SR1_SL11_17', 3),
(102, 'P001', 'J02_08_18', 'A14_02_18', 'R2/SR1/SL2_18', 'R2_SR1_SL11_18', 3),
(103, 'P001', 'J02_08_19', 'A14_02_19', 'R2/SR1/SL2_19', 'R2_SR1_SL11_19', 3),
(104, 'P001', 'J02_08_20', 'A14_02_20', 'R2/SR1/SL2_20', 'R2_SR1_SL11_20', 3),
(105, 'P001', 'J02_08_21', 'A14_02_21', 'R2/SR1/SL2_21', 'R2_SR1_SL11_21', 3),
(106, 'P001', 'J02_09_01', 'A14_03_01', 'R2/SR1/SL3_1', 'R2_SR1_SL12_1', 3),
(107, 'P001', 'J02_09_02', 'A14_03_02', 'R2/SR1/SL3_2', 'R2_SR1_SL12_2', 3),
(108, 'P001', 'J02_09_03', 'A14_03_03', 'R2/SR1/SL3_3', 'R2_SR1_SL12_3', 3),
(109, 'P001', 'J02_09_04', 'A14_03_04', 'R2/SR1/SL3_4', 'R2_SR1_SL12_4', 3),
(110, 'P001', 'J02_09_05', 'A14_03_05', 'R2/SR1/SL3_5', 'R2_SR1_SL12_5', 3),
(111, 'P001', 'J02_09_06', 'A14_03_06', 'R2/SR1/SL3_6', 'R2_SR1_SL12_6', 3),
(112, 'P001', 'J02_09_07', 'A14_03_07', 'R2/SR1/SL3_7', 'R2_SR1_SL12_7', 3),
(113, 'P001', 'J02_09_08', 'A14_03_08', 'R2/SR1/SL3_8', 'R2_SR1_SL12_8', 3),
(114, 'P001', 'J02_09_09', 'A14_03_09', 'R2/SR1/SL3_9', 'R2_SR1_SL12_9', 3),
(115, 'P001', 'J02_09_10', 'A14_03_10', 'R2/SR1/SL3_10', 'R2_SR1_SL12_10', 3),
(116, 'P001', 'J02_09_11', 'A14_03_11', 'R2/SR1/SL3_11', 'R2_SR1_SL12_11', 3),
(117, 'P001', 'J02_09_12', 'A14_03_12', 'R2/SR1/SL3_12', 'R2_SR1_SL12_12', 3),
(118, 'P001', 'J02_09_13', 'A14_03_13', 'R2/SR1/SL3_13', 'R2_SR1_SL12_13', 3),
(119, 'P001', 'J02_09_14', 'A14_03_14', 'R2/SR1/SL3_14', 'R2_SR1_SL12_14', 3),
(120, 'P001', 'J02_09_15', 'A14_03_15', 'R2/SR1/SL3_15', 'R2_SR1_SL12_15', 3),
(121, 'P001', 'J02_09_16', 'A14_03_16', 'R2/SR1/SL3_16', 'R2_SR1_SL12_16', 3),
(122, 'P001', 'J02_09_17', 'A14_03_17', 'R2/SR1/SL3_17', 'R2_SR1_SL12_17', 3),
(123, 'P001', 'J02_09_18', 'A14_03_18', 'R2/SR1/SL3_18', 'R2_SR1_SL12_18', 3),
(124, 'P001', 'J02_09_19', 'A14_03_19', 'R2/SR1/SL3_19', 'R2_SR1_SL12_19', 3),
(125, 'P001', 'J02_09_20', 'A14_03_20', 'R2/SR1/SL3_20', 'R2_SR1_SL12_20', 3),
(126, 'P001', 'J02_09_21', 'A14_03_21', 'R2/SR1/SL3_21', 'R2_SR1_SL12_21', 3),
(127, 'P001', 'J02_10_01', 'A14_04_01', 'R2_SR1_SL4_1', 'R2_SR1_SL13_1', 3),
(128, 'P001', 'J02_10_02', 'A14_04_02', 'R2_SR1_SL4_2', 'R2_SR1_SL13_2', 3),
(129, 'P001', 'J02_10_03', 'A14_04_03', 'R2_SR1_SL4_3', 'R2_SR1_SL13_3', 3),
(130, 'P001', 'J02_10_04', 'A14_04_04', 'R2_SR1_SL4_4', 'R2_SR1_SL13_4', 3),
(131, 'P001', 'J02_10_05', 'A14_04_05', 'R2_SR1_SL4_5', 'R2_SR1_SL13_5', 3),
(132, 'P001', 'J02_10_06', 'A14_04_06', 'R2_SR1_SL4_6', 'R2_SR1_SL13_6', 3),
(133, 'P001', 'J02_10_07', 'A14_04_07', 'R2_SR1_SL4_7', 'R2_SR1_SL13_7', 3),
(134, 'P001', 'J02_10_08', 'A14_04_08', 'R2_SR1_SL4_8', 'R2_SR1_SL13_8', 3),
(135, 'P001', 'J02_10_09', 'A14_04_09', 'R2_SR1_SL4_9', 'R2_SR1_SL13_9', 3),
(136, 'P001', 'J02_10_10', 'A14_04_10', 'R2_SR1_SL4_10', 'R2_SR1_SL13_10', 3),
(137, 'P001', 'J02_10_11', 'A14_04_11', 'R2_SR1_SL4_11', 'R2_SR1_SL13_11', 3),
(138, 'P001', 'J02_10_12', 'A14_04_12', 'R2_SR1_SL4_12', 'R2_SR1_SL13_12', 3),
(139, 'P001', 'J02_10_13', 'A14_04_13', 'R2_SR1_SL4_13', 'R2_SR1_SL13_13', 3),
(140, 'P001', 'J02_10_14', 'A14_04_14', 'R2_SR1_SL4_14', 'R2_SR1_SL13_14', 3),
(141, 'P001', 'J02_10_15', 'A14_04_15', 'R2_SR1_SL4_15', 'R2_SR1_SL13_15', 3),
(142, 'P001', 'J02_10_16', 'A14_04_16', 'R2_SR1_SL4_16', 'R2_SR1_SL13_16', 3),
(143, 'P001', 'J02_10_17', 'A14_04_17', 'R2_SR1_SL4_17', 'R2_SR1_SL13_17', 3),
(144, 'P001', 'J02_10_18', 'A14_04_18', 'R2_SR1_SL4_18', 'R2_SR1_SL13_18', 3),
(145, 'P001', 'J02_10_19', 'A14_04_19', 'R2_SR1_SL4_19', 'R2_SR1_SL13_19', 3),
(146, 'P001', 'J02_10_20', 'A14_04_20', 'R2_SR1_SL4_20', 'R2_SR1_SL13_20', 3),
(147, 'P001', 'J02_10_21', 'A14_04_21', 'R2_SR1_SL4_21', 'R2_SR1_SL13_21', 3),
(148, 'P001', 'J02_11_01', 'A14_05_01', 'R2_SR1_SL11_1', 'R2_SR1_SL14_1', 3),
(149, 'P001', 'J02_11_02', 'A14_05_02', 'R2_SR1_SL11_2', 'R2_SR1_SL14_2', 3),
(150, 'P001', 'J02_11_03', 'A14_05_03', 'R2_SR1_SL11_3', 'R2_SR1_SL14_3', 3),
(151, 'P001', 'J02_11_04', 'A14_05_04', 'R2_SR1_SL11_4', 'R2_SR1_SL14_4', 3),
(152, 'P001', 'J02_11_05', 'A14_05_05', 'R2_SR1_SL11_5', 'R2_SR1_SL14_5', 3),
(153, 'P001', 'J02_11_06', 'A14_05_06', 'R2_SR1_SL11_6', 'R2_SR1_SL14_6', 3),
(154, 'P001', 'J02_11_07', 'A14_05_07', 'R2_SR1_SL11_7', 'R2_SR1_SL14_7', 3),
(155, 'P001', 'J02_11_08', 'A14_05_08', 'R2_SR1_SL11_8', 'R2_SR1_SL14_8', 3),
(156, 'P001', 'J02_11_09', 'A14_05_09', 'R2_SR1_SL11_9', 'R2_SR1_SL14_9', 3),
(157, 'P001', 'J02_11_10', 'A14_05_10', 'R2_SR1_SL11_10', 'R2_SR1_SL14_10', 3),
(158, 'P001', 'J02_11_11', 'A14_05_11', 'R2_SR1_SL11_11', 'R2_SR1_SL14_11', 3),
(159, 'P001', 'J02_11_12', 'A14_05_12', 'R2_SR1_SL11_12', 'R2_SR1_SL14_12', 3),
(160, 'P001', 'J02_11_13', 'A14_05_13', 'R2_SR1_SL11_13', 'R2_SR1_SL14_13', 3),
(161, 'P001', 'J02_11_14', 'A14_05_14', 'R2_SR1_SL11_14', 'R2_SR1_SL14_14', 3),
(162, 'P001', 'J02_11_15', 'A14_05_15', 'R2_SR1_SL11_15', 'R2_SR1_SL14_15', 3),
(163, 'P001', 'J02_11_16', 'A14_05_16', 'R2_SR1_SL11_16', 'R2_SR1_SL14_16', 3),
(164, 'P001', 'J02_11_17', 'A14_05_17', 'R2_SR1_SL11_17', 'R2_SR1_SL14_17', 3),
(165, 'P001', 'J02_11_18', 'A14_05_18', 'R2_SR1_SL11_18', 'R2_SR1_SL14_18', 3),
(166, 'P001', 'J02_11_19', 'A14_05_19', 'R2_SR1_SL11_19', 'R2_SR1_SL14_19', 3),
(167, 'P001', 'J02_11_20', 'A14_05_20', 'R2_SR1_SL11_20', 'R2_SR1_SL14_20', 3),
(168, 'P001', 'J02_11_21', 'A14_05_21', 'R2_SR1_SL11_21', 'R2_SR1_SL14_21', 3),
(169, 'P001', 'J02_12_01', 'A14_06_01', 'R2_SR1_SL12_1', 'R2_SR1_SL15_1', 3),
(170, 'P001', 'J02_12_02', 'A14_06_02', 'R2_SR1_SL12_2', 'R2_SR1_SL15_2', 3),
(171, 'P001', 'J02_12_03', 'A14_06_03', 'R2_SR1_SL12_3', 'R2_SR1_SL15_3', 3),
(172, 'P001', 'J02_12_04', 'A14_06_04', 'R2_SR1_SL12_4', 'R2_SR1_SL15_4', 3),
(173, 'P001', 'J02_12_05', 'A14_06_05', 'R2_SR1_SL12_5', 'R2_SR1_SL15_5', 3),
(174, 'P001', 'J02_12_06', 'A14_06_06', 'R2_SR1_SL12_6', 'R2_SR1_SL15_6', 3),
(175, 'P001', 'J02_12_07', 'A14_06_07', 'R2_SR1_SL12_7', 'R1_SR1_SL3_7', 3),
(176, 'P001', 'J02_12_08', 'A14_06_08', 'R2_SR1_SL12_8', 'R1_SR1_SL3_8', 3),
(177, 'P001', 'J02_12_09', 'A14_06_09', 'R2_SR1_SL12_9', 'R1_SR1_SL3_9', 3),
(178, 'P001', 'J02_12_10', 'A14_06_10', 'R2_SR1_SL12_10', 'R1_SR1_SL3_10', 3),
(179, 'P001', 'J02_12_11', 'A14_06_11', 'R2_SR1_SL12_11', 'R1_SR1_SL3_11', 3),
(180, 'P001', 'J02_12_12', 'A14_06_12', 'R2_SR1_SL12_12', 'R1_SR1_SL3_12', 3),
(181, 'P001', 'J02_12_13', 'A14_06_13', 'R2_SR1_SL12_13', 'R1_SR1_SL3_13', 3),
(182, 'P001', 'J02_12_14', 'A14_06_14', 'R2_SR1_SL12_14', 'R1_SR1_SL3_14', 3),
(183, 'P001', 'J02_12_15', 'A14_06_15', 'R2_SR1_SL12_15', 'R1_SR1_SL3_15', 3),
(184, 'P001', 'J02_12_16', 'A14_06_16', 'R2_SR1_SL12_16', 'R1_SR1_SL3_16', 3),
(185, 'P001', 'J02_12_17', 'A14_06_17', 'R2_SR1_SL12_17', 'R1_SR1_SL3_17', 3),
(186, 'P001', 'J02_12_18', 'A14_06_18', 'R2_SR1_SL12_18', 'R1_SR1_SL3_18', 3),
(187, 'P001', 'J02_12_19', 'A14_06_19', 'R2_SR1_SL12_19', 'R1_SR1_SL3_19', 3),
(188, 'P001', 'J02_12_20', 'A14_06_20', 'R2_SR1_SL12_20', 'R1_SR1_SL3_20', 3),
(189, 'P001', 'J02_12_21', 'A14_06_21', 'R2_SR1_SL12_21', 'R1_SR1_SL3_21', 3),
(190, 'P001', 'K01_01_01', 'A14_06_22', 'R2_SR_3_SL1_1', 'R2_SR2_SL12_1', 3),
(191, 'P001', 'K01_01_02', 'A14_06_23', 'R2_SR_3_SL1_2', 'R2_SR2_SL12_2', 3),
(192, 'P001', 'K01_01_03', 'A14_06_24', 'R2_SR_3_SL1_3', 'R2_SR2_SL12_3', 3),
(193, 'P001', 'K01_01_04', 'A14_06_25', 'R2_SR_3_SL1_4', 'R2_SR2_SL12_4', 3),
(194, 'P001', 'K01_01_05', 'A14_06_26', 'R2_SR_3_SL1_5', 'R2_SR2_SL12_5', 3),
(195, 'P001', 'K01_01_06', 'A14_06_27', 'R2_SR_3_SL1_6', 'R2_SR2_SL12_6', 3),
(196, 'P001', 'K01_01_07', 'A14_06_28', 'R2_SR_3_SL1_7', 'R2_SR2_SL12_7', 3),
(197, 'P001', 'K01_01_08', 'A14_06_29', 'R2_SR_3_SL1_8', 'R2_SR2_SL12_8', 3),
(198, 'P001', 'K01_01_09', 'A14_06_30', 'R2_SR_3_SL1_9', 'R2_SR2_SL12_9', 3),
(199, 'P001', 'K01_01_10', 'A14_06_31', 'R2_SR_3_SL1_10', 'R2_SR2_SL12_10', 3),
(200, 'P001', 'K01_01_11', 'A14_06_32', 'R2_SR_3_SL1_11', 'R2_SR2_SL12_11', 3),
(201, 'P001', 'K01_01_12', 'A14_06_33', 'R2_SR_3_SL1_12', 'R2_SR2_SL12_12', 3),
(202, 'P001', 'K01_01_13', 'A14_06_34', 'R2_SR_3_SL1_13', 'R2_SR2_SL12_13', 3),
(203, 'P001', 'K01_01_14', 'A14_06_35', 'R2_SR_3_SL1_14', 'R2_SR2_SL12_14', 3),
(204, 'P001', 'K01_01_15', 'A14_06_36', 'R2_SR_3_SL1_15', 'R2_SR2_SL12_15', 3),
(205, 'P001', 'K01_01_16', 'A14_06_37', 'R2_SR_3_SL1_16', 'R2_SR2_SL12_16', 3),
(206, 'P001', 'K01_01_17', 'A14_06_38', 'R2_SR_3_SL1_17', 'R2_SR2_SL12_17', 3),
(207, 'P001', 'K01_01_18', 'A14_06_39', 'R2_SR_3_SL1_18', 'R2_SR2_SL12_18', 3),
(208, 'P001', 'K01_01_19', 'A14_06_40', 'R2_SR_3_SL1_19', 'R2_SR2_SL12_19', 3),
(209, 'P001', 'K01_01_20', 'A14_06_41', 'R2_SR_3_SL1_20', 'R2_SR2_SL12_20', 3),
(210, 'P001', 'K01_01_21', 'A14_06_42', 'R2_SR_3_SL1_21', 'R2_SR2_SL12_21', 3),
(211, 'P001', 'K01_02_01', 'A14_08_01', 'R2_SR3_SL2_1', 'R2_SR2_SL13_1', 3),
(212, 'P001', 'K01_02_02', 'A14_08_02', 'R2_SR3_SL2_2', 'R2_SR2_SL13_2', 3),
(213, 'P001', 'K01_02_03', 'A14_08_03', 'R2_SR3_SL2_3', 'R2_SR2_SL13_3', 3),
(214, 'P001', 'K01_02_04', 'A14_08_04', 'R2_SR3_SL2_4', 'R2_SR2_SL13_4', 3),
(215, 'P001', 'K01_02_05', 'A14_08_05', 'R2_SR3_SL2_5', 'R2_SR2_SL13_5', 3),
(216, 'P001', 'K01_02_06', 'A14_08_06', 'R2_SR3_SL2_6', 'R2_SR2_SL13_6', 3),
(217, 'P001', 'K01_02_07', 'A14_08_07', 'R2_SR3_SL2_7', 'R2_SR2_SL13_7', 3),
(218, 'P001', 'K01_02_08', 'A14_08_08', 'R2_SR3_SL2_8', 'R2_SR2_SL13_8', 3),
(219, 'P001', 'K01_02_09', 'A14_08_09', 'R2_SR3_SL2_9', 'R2_SR2_SL13_9', 3),
(220, 'P001', 'K01_02_10', 'A14_08_10', 'R2_SR3_SL2_10', 'R2_SR2_SL13_10', 3),
(221, 'P001', 'K01_02_11', 'A14_08_11', 'R2_SR3_SL2_11', 'R2_SR2_SL13_11', 3),
(222, 'P001', 'K01_02_12', 'A14_08_12', 'R2_SR3_SL2_12', 'R2_SR2_SL13_12', 3),
(223, 'P001', 'K01_02_13', 'A14_08_13', 'R2_SR3_SL2_13', 'R2_SR2_SL13_13', 3),
(224, 'P001', 'K01_02_14', 'A14_08_14', 'R2_SR3_SL2_14', 'R2_SR2_SL13_14', 3),
(225, 'P001', 'K01_02_15', 'A14_08_15', 'R2_SR3_SL2_15', 'R2_SR2_SL13_15', 3),
(226, 'P001', 'K01_02_16', 'A14_08_16', 'R2_SR3_SL2_16', 'R2_SR2_SL13_16', 3),
(227, 'P001', 'K01_02_17', 'A14_08_17', 'R2_SR3_SL2_17', 'R2_SR2_SL13_17', 3),
(228, 'P001', 'K01_02_18', 'A14_08_18', 'R2_SR3_SL2_18', 'R2_SR2_SL13_18', 3),
(229, 'P001', 'K01_02_19', 'A14_08_19', 'R2_SR3_SL2_19', 'R2_SR2_SL13_19', 3),
(230, 'P001', 'K01_02_20', 'A14_08_20', 'R2_SR3_SL2_20', 'R2_SR2_SL13_20', 3),
(231, 'P001', 'K01_02_21', 'A14_08_21', 'R2_SR3_SL2_21', 'R2_SR2_SL13_21', 3),
(232, 'P001', 'K01_03_01', 'A14_09_01', 'R2_SR_3_SL3_1', 'R2_SR2_SL14_1', 3),
(233, 'P001', 'K01_03_02', 'A14_09_02', 'R2_SR_3_SL3_2', 'R2_SR2_SL14_2', 3),
(234, 'P001', 'K01_03_03', 'A14_09_03', 'R2_SR_3_SL3_3', 'R2_SR2_SL14_3', 3),
(235, 'P001', 'K01_03_04', 'A14_09_04', 'R2_SR_3_SL3_4', 'R2_SR2_SL14_4', 3),
(236, 'P001', 'K01_03_05', 'A14_09_05', 'R2_SR_3_SL3_5', 'R2_SR2_SL14_5', 3),
(237, 'P001', 'K01_03_06', 'A14_09_06', 'R2_SR_3_SL3_6', 'R2_SR2_SL14_6', 3),
(238, 'P001', 'K01_03_07', 'A14_09_07', 'R2_SR_3_SL3_7', 'R2_SR2_SL14_7', 3),
(239, 'P001', 'K01_03_08', 'A14_09_08', 'R2_SR_3_SL3_8', 'R2_SR2_SL14_8', 3),
(240, 'P001', 'K01_03_09', 'A14_09_09', 'R2_SR_3_SL3_9', 'R2_SR2_SL14_9', 3),
(241, 'P001', 'K01_03_10', 'A14_09_10', 'R2_SR_3_SL3_10', 'R2_SR2_SL14_10', 3),
(242, 'P001', 'K01_03_11', 'A14_09_11', 'R2_SR_3_SL3_11', 'R2_SR2_SL14_11', 3),
(243, 'P001', 'K01_03_12', 'A14_09_12', 'R2_SR_3_SL3_12', 'R2_SR2_SL14_12', 3),
(244, 'P001', 'K01_03_13', 'A14_09_13', 'R2_SR_3_SL3_13', 'R2_SR2_SL14_13', 3),
(245, 'P001', 'K01_03_14', 'A14_09_14', 'R2_SR_3_SL3_14', 'R2_SR2_SL14_14', 3),
(246, 'P001', 'K01_03_15', 'A14_09_15', 'R2_SR_3_SL3_15', 'R2_SR2_SL14_15', 3),
(247, 'P001', 'K01_03_16', 'A14_09_16', 'R2_SR_3_SL3_16', 'R2_SR2_SL14_16', 3),
(248, 'P001', 'K01_03_17', 'A14_09_17', 'R2_SR_3_SL3_17', 'R2_SR2_SL14_17', 3),
(249, 'P001', 'K01_03_18', 'A14_09_18', 'R2_SR_3_SL3_18', 'R2_SR2_SL14_18', 3),
(250, 'P001', 'K01_03_19', 'A14_09_19', 'R2_SR_3_SL3_19', 'R2_SR2_SL14_19', 3),
(251, 'P001', 'K01_03_20', 'A14_09_20', 'R2_SR_3_SL3_20', 'R2_SR2_SL14_20', 3),
(252, 'P001', 'K01_03_21', 'A14_09_21', 'R2_SR_3_SL3_21', 'R2_SR2_SL14_21', 3),
(253, 'P001', 'E05_04_01', '', 'R5_SR2_SL13_1', 'R2_SR2_SL15_1', 3),
(254, 'P001', 'E05_04_02', '', 'R5_SR2_SL13_2', 'R2_SR2_SL15_2', 3),
(255, 'P001', 'E05_04_03', '', 'R5_SR2_SL13_3', 'R2_SR2_SL15_3', 3),
(256, 'P001', 'E05_04_04', '', 'R5_SR2_SL13_4', 'R2_SR2_SL15_4', 3),
(257, 'P001', 'E05_04_05', '', 'R5_SR2_SL13_5', 'R2_SR2_SL15_5', 3),
(258, 'P001', 'E05_04_06', '', 'R5_SR2_SL13_6', 'R2_SR2_SL15_6', 3),
(259, 'P001', 'E05_04_07', '', 'R5_SR2_SL13_7', 'R2_SR2_SL15_7', 3),
(260, 'P001', 'E05_04_08', '', 'R5_SR2_SL13_8', 'R2_SR2_SL15_8', 3),
(261, 'P001', 'E05_04_09', '', 'R5_SR2_SL13_9', 'R2_SR2_SL15_9', 3),
(262, 'P001', 'E05_04_10', '', 'R5_SR2_SL13_10', 'R2_SR2_SL15_10', 3),
(263, 'P001', 'E05_04_11', '', 'R5_SR2_SL13_11', 'R2_SR2_SL15_11', 3),
(264, 'P001', 'E05_04_12', '', 'R5_SR2_SL13_12', 'R2_SR2_SL15_12', 3),
(265, 'P001', 'E05_04_13', '', 'R5_SR2_SL13_13', 'R2_SR2_SL15_13', 3),
(266, 'P001', 'E05_04_14', '', 'R5_SR2_SL13_14', 'R2_SR2_SL15_14', 3),
(267, 'P001', 'E05_04_15', '', 'R5_SR2_SL13_15', 'R2_SR2_SL15_15', 3),
(268, 'P001', 'E05_04_16', '', 'R5_SR2_SL13_16', 'R2_SR2_SL15_16', 3),
(269, 'P001', 'E05_04_17', '', 'R5_SR2_SL13_17', 'R2_SR2_SL15_17', 3),
(270, 'P001', 'E05_04_18', '', 'R5_SR2_SL13_18', 'R2_SR2_SL15_18', 3),
(271, 'P001', 'E05_04_19', '', 'R5_SR2_SL13_19', 'R2_SR2_SL15_19', 3),
(272, 'P001', 'E05_04_20', '', 'R5_SR2_SL13_20', 'R2_SR2_SL15_20', 3),
(273, 'P001', 'E05_04_21', '', 'R5_SR2_SL13_21', 'R2_SR2_SL15_21', 3),
(274, 'P001', 'J02_02_04', 'W04_11_04', 'R1_SR2_SL11_04', 'R2_SR1_SL2_04', 3),
(275, 'P001', 'J02_02_05', 'W04_11_05', 'R1_SR2_SL11_05', 'R2_SR1_SL2_05', 3),
(276, 'P001', 'J02_02_06', 'W04_11_06', 'R1_SR2_SL11_06', 'R2_SR1_SL2_06', 3),
(277, 'P001', 'J02_02_07', 'W04_11_07', 'R1_SR2_SL11_07', 'R2_SR1_SL2_07', 3),
(278, 'P001', 'J02_02_08', 'W04_11_08', 'R1_SR2_SL11_08', 'R2_SR1_SL2_08', 3),
(279, 'P001', 'J02_02_09', 'W04_11_09', 'R1_SR2_SL11_09', 'R2_SR1_SL2_09', 3),
(280, 'P001', 'J02_02_10', 'W04_11_10', 'R1_SR2_SL11_10', 'R2_SR1_SL2_10', 3),
(281, 'P001', 'J02_02_11', 'W04_11_11', 'R1_SR2_SL11_11', 'R2_SR1_SL2_11', 3),
(282, 'P001', 'J02_02_12', 'W04_11_12', 'R1_SR2_SL11_12', 'R2_SR1_SL2_12', 3),
(283, 'P001', 'J02_02_13', 'W04_11_13', 'R1_SR2_SL11_13', 'R2_SR1_SL2_13', 3),
(284, 'P001', 'J02_02_14', 'W04_11_14', 'R1_SR2_SL11_14', 'R2_SR1_SL2_14', 3),
(285, 'P001', 'J02_02_15', 'W04_11_15', 'R1_SR2_SL11_15', 'R2_SR1_SL2_15', 3),
(286, 'P001', 'J02_02_16', 'W04_11_16', 'R1_SR2_SL11_16', 'R2_SR1_SL2_16', 3),
(287, 'P001', 'J02_02_17', 'W04_11_17', 'R1_SR2_SL11_17', 'R2_SR1_SL2_17', 3),
(288, 'P001', 'J02_02_18', 'W04_11_18', 'R1_SR2_SL11_18', 'R2_SR1_SL2_18', 3),
(289, 'P001', 'J02_02_19', 'W04_11_19', 'R1_SR2_SL11_19', 'R2_SR1_SL2_19', 3),
(290, 'P001', 'J02_02_20', 'W04_11_20', 'R1_SR2_SL11_20', 'R2_SR1_SL2_20', 3),
(291, 'P001', 'J02_02_21', 'W04_11_21', 'R1_SR2_SL11_21', 'R2_SR1_SL2_21', 3),
(292, 'P001', 'J02_03_01', 'W04_12_01', 'R1_SR2_SL12_01', 'R2_SR1_SL3_01', 3),
(293, 'P001', 'J02_03_02', 'W04_12_02', 'R1_SR2_SL12_02', 'R2_SR1_SL3_02', 3),
(294, 'P001', 'J02_03_03', 'W04_12_03', 'R1_SR2_SL12_03', 'R2_SR1_SL3_03', 3),
(295, 'P001', 'J02_03_04', 'W04_12_04', 'R1_SR2_SL12_04', 'R2_SR1_SL3_04', 3),
(296, 'P001', 'J02_03_05', 'W04_12_05', 'R1_SR2_SL12_05', 'R2_SR1_SL3_05', 3),
(297, 'P001', 'J02_03_06', 'W04_12_06', 'R1_SR2_SL12_06', 'R2_SR1_SL3_06', 3),
(298, 'P001', 'J02_03_07', 'W04_12_07', 'R1_SR2_SL12_07', 'R2_SR1_SL3_07', 3),
(299, 'P001', 'J02_03_08', 'W04_12_08', 'R1_SR2_SL12_08', 'R2_SR1_SL3_08', 3),
(300, 'P001', 'J02_03_09', 'W04_12_09', 'R1_SR2_SL12_09', 'R2_SR1_SL3_09', 3),
(301, 'P001', 'J02_03_10', 'W04_12_10', 'R1_SR2_SL12_10', 'R2_SR1_SL3_10', 3),
(302, 'P001', 'J02_03_11', 'W04_12_11', 'R1_SR2_SL12_11', 'R2_SR1_SL3_11', 3),
(303, 'P001', 'J02_03_12', 'W04_12_12', 'R1_SR2_SL12_12', 'R2_SR1_SL3_12', 3),
(304, 'P001', 'J02_03_13', 'W04_12_13', 'R1_SR2_SL12_13', 'R2_SR1_SL3_13', 3),
(305, 'P001', 'J02_03_14', 'W04_12_14', 'R1_SR2_SL12_14', 'R2_SR1_SL3_14', 3),
(306, 'P001', 'J02_03_15', 'W04_12_15', 'R1_SR2_SL12_15', 'R2_SR1_SL3_15', 3),
(307, 'P001', 'J02_03_16', 'W04_12_16', 'R1_SR2_SL12_16', 'R2_SR1_SL3_16', 3),
(308, 'P001', 'J02_03_17', 'W04_12_17', 'R1_SR2_SL12_17', 'R2_SR1_SL3_17', 3),
(309, 'P001', 'J02_03_18', 'W04_12_18', 'R1_SR2_SL12_18', 'R2_SR1_SL3_18', 3),
(310, 'P001', 'J02_03_19', 'W04_12_19', 'R1_SR2_SL12_19', 'R2_SR1_SL3_19', 3),
(311, 'P001', 'J02_03_20', 'W04_12_20', 'R1_SR2_SL12_20', 'R2_SR1_SL3_20', 3),
(312, 'P001', 'J02_03_21', 'W04_12_21', 'R1_SR2_SL12_21', 'R2_SR1_SL3_21', 3),
(313, 'P001', 'K', 'K', 'KK', 'K', 2),
(314, 'P001', 'D04', '11', 'R4_SR2_SL2_1', 'R3_SR3_SL15_1', 1),
(315, 'P001', 'D04', '11', 'R4_SR2_SL2_2', 'R3_SR3_SL15_2', 1),
(316, 'P001', 'D04', '11', 'R4_SR2_SL2_3', 'R3_SR3_SL15_3', 1),
(317, 'P001', 'D04', '11', 'R4_SR2_SL2_4', 'R3_SR3_SL15_4', 1),
(318, 'P001', 'D04', '11', 'R4_SR2_SL2_5', 'R3_SR3_SL15_5', 1),
(319, 'P001', 'D04', '11', 'R4_SR2_SL2_6', 'R3_SR3_SL15_6', 1),
(320, 'P001', 'D04', '11', 'R4_SR2_SL2_7', 'R3_SR3_SL15_7', 1),
(321, 'P001', 'D04', '11', 'R4_SR2_SL2_8', 'R3_SR3_SL15_8', 1),
(322, 'P001', 'D04', '11', 'R4_SR2_SL2_9', 'R3_SR3_SL15_9', 1),
(323, 'P001', 'D04', '11', 'R4_SR2_SL2_10', 'R3_SR3_SL15_10', 1),
(324, 'P001', 'D04', '11', 'R4_SR2_SL2_11', 'R3_SR3_SL15_11', 1),
(325, 'P001', 'D04', '11', 'R4_SR2_SL2_12', 'R3_SR3_SL15_12', 1),
(326, 'P001', 'D04', '11', 'R4_SR2_SL2_13', 'R3_SR3_SL15_13', 1),
(327, 'P001', 'D04', '11', 'R4_SR2_SL2_14', 'R3_SR3_SL15_14', 1),
(328, 'P001', 'D04', '11', 'R4_SR2_SL2_15', 'R3_SR3_SL15_15', 1),
(329, 'P001', 'D04', '11', 'R4_SR2_SL2_16', 'R3_SR3_SL15_16', 1),
(330, 'P001', 'D04', '11', 'R4_SR2_SL2_17', 'R3_SR3_SL15_17', 1),
(331, 'P001', 'D04', '11', 'R4_SR2_SL2_18', 'R3_SR3_SL15_18', 1),
(332, 'P001', 'D04', '11', 'R4_SR2_SL2_19', 'R3_SR3_SL15_19', 1),
(333, 'P001', 'D04', '11', 'R4_SR2_SL2_20', 'R3_SR3_SL15_20', 1),
(334, 'P001', 'D04', '11', 'R4_SR2_SL2_21', 'R3_SR3_SL15_21', 1),
(335, 'P001', 'D04', '12', 'R4_SR2_SL3_1', 'R3_SR3_SL14_1', 1),
(336, 'P001', 'D04', '12', 'R4_SR2_SL3_2', 'R3_SR3_SL14_2', 1),
(337, 'P001', 'D04', '12', 'R4_SR2_SL3_3', 'R3_SR3_SL14_3', 1),
(338, 'P001', 'D04', '12', 'R4_SR2_SL3_4', 'R3_SR3_SL14_4', 1),
(339, 'P001', 'D04', '12', 'R4_SR2_SL3_5', 'R3_SR3_SL14_5', 1),
(340, 'P001', 'D04', '12', 'R4_SR2_SL3_6', 'R3_SR3_SL14_6', 1),
(341, 'P001', 'D04', '12', 'R4_SR2_SL3_7', 'R3_SR3_SL14_7', 1),
(342, 'P001', 'D04', '12', 'R4_SR2_SL3_8', 'R3_SR3_SL14_8', 1),
(343, 'P001', 'D04', '12', 'R4_SR2_SL3_9', 'R3_SR3_SL14_9', 1),
(344, 'P001', 'D04', '12', 'R4_SR2_SL3_10', 'R3_SR3_SL14_10', 1),
(345, 'P001', 'D04', '12', 'R4_SR2_SL3_11', 'R3_SR3_SL14_11', 1),
(346, 'P001', 'D04', '12', 'R4_SR2_SL3_12', 'R3_SR3_SL14_12', 1),
(347, 'P001', 'D04', '12', 'R4_SR2_SL3_13', 'R3_SR3_SL14_13', 1),
(348, 'P001', 'D04', '12', 'R4_SR2_SL3_14', 'R3_SR3_SL14_14', 1),
(349, 'P001', 'D04', '12', 'R4_SR2_SL3_15', 'R3_SR3_SL14_15', 1),
(350, 'P001', 'D04', '12', 'R4_SR2_SL3_16', 'R3_SR3_SL14_16', 1),
(351, 'P001', 'D04', '12', 'R4_SR2_SL3_17', 'R3_SR3_SL14_17', 1),
(352, 'P001', 'D04', '12', 'R4_SR2_SL3_18', 'R3_SR3_SL14_18', 1),
(353, 'P001', 'D04', '12', 'R4_SR2_SL3_19', 'R3_SR3_SL14_19', 1),
(354, 'P001', 'D04', '12', 'R4_SR2_SL3_20', 'R3_SR3_SL14_20', 1),
(355, 'P001', 'D04', '12', 'R4_SR2_SL3_21', 'R3_SR3_SL14_21', 1),
(356, 'P001', 'D05', '01', 'R4_SR2_SL4_01', 'R2_SR2_SL4_1', 1),
(357, 'P001', 'D05', '01', 'R4_SR2_SL4_02', 'R2_SR2_SL4_2', 1),
(358, 'P001', 'D05', '01', 'R4_SR2_SL4_03', 'R2_SR2_SL4_3', 1),
(359, 'P001', 'D05', '01', 'R4_SR2_SL4_04', 'R2_SR2_SL4_4', 1),
(360, 'P001', 'D05', '01', 'R4_SR2_SL4_05', 'R2_SR2_SL4_5', 1),
(361, 'P001', 'D05', '01', 'R4_SR2_SL4_06', 'R2_SR2_SL4_6', 1),
(362, 'P001', 'D05', '01', 'R4_SR2_SL4_07', 'R2_SR2_SL4_7', 1),
(363, 'P001', 'D05', '01', 'R4_SR2_SL4_08', 'R2_SR2_SL4_8', 1),
(364, 'P001', 'D05', '01', 'R4_SR2_SL4_09', 'R2_SR2_SL4_9', 1),
(365, 'P001', 'D05', '01', 'R4_SR2_SL4_10', 'R2_SR2_SL4_10', 1),
(366, 'P001', 'D05', '01', 'R4_SR2_SL4_11', 'R2_SR2_SL4_11', 1),
(367, 'P001', 'D05', '01', 'R4_SR2_SL4_12', 'R2_SR2_SL4_12', 1),
(368, 'P001', 'D05', '01', 'R4_SR2_SL4_13', 'R2_SR2_SL4_13', 1),
(369, 'P001', 'D05', '01', 'R4_SR2_SL4_14', 'R2_SR2_SL4_14', 1),
(370, 'P001', 'D05', '01', 'R4_SR2_SL4_15', 'R2_SR2_SL4_15', 1),
(371, 'P001', 'D05', '01', 'R4_SR2_SL4_16', 'R2_SR2_SL4_16', 1),
(372, 'P001', 'D05', '01', 'R4_SR2_SL4_17', 'R2_SR2_SL4_17', 1),
(373, 'P001', 'D05', '01', 'R4_SR2_SL4_18', 'R2_SR2_SL4_18', 1),
(374, 'P001', 'D05', '01', 'R4_SR2_SL4_19', 'R2_SR2_SL4_19', 1),
(375, 'P001', 'D05', '01', 'R4_SR2_SL4_20', 'R2_SR2_SL4_20', 1),
(376, 'P001', 'D05', '01', 'R4_SR2_SL4_21', 'R2_SR2_SL4_21', 1),
(377, 'P001', 'D05', '02', 'R4_SR2_SL11_1', 'R2_SR2_SL11_1', 1),
(378, 'P001', 'D05', '02', 'R4_SR2_SL11_2', 'R2_SR2_SL11_2', 1),
(379, 'P001', 'D05', '02', 'R4_SR2_SL11_3', 'R2_SR2_SL11_3', 1),
(380, 'P001', 'D05', '02', 'R4_SR2_SL11_4', 'R2_SR2_SL11_4', 1),
(381, 'P001', 'D05', '02', 'R4_SR2_SL11_5', 'R2_SR2_SL11_5', 1),
(382, 'P001', 'D05', '02', 'R4_SR2_SL11_6', 'R2_SR2_SL11_6', 1),
(383, 'P001', 'D05', '02', 'R4_SR2_SL11_7', 'R2_SR2_SL11_7', 1),
(384, 'P001', 'D05', '02', 'R4_SR2_SL11_8', 'R2_SR2_SL11_8', 1),
(385, 'P001', 'D05', '02', 'R4_SR2_SL11_9', 'R2_SR2_SL11_9', 1),
(386, 'P001', 'D05', '02', 'R4_SR2_SL11_10', 'R2_SR2_SL11_10', 1),
(387, 'P001', 'D05', '02', 'R4_SR2_SL11_11', 'R2_SR2_SL11_11', 1),
(388, 'P001', 'D05', '02', 'R4_SR2_SL11_12', 'R2_SR2_SL11_12', 1),
(389, 'P001', 'D05', '02', 'R4_SR2_SL11_13', 'R2_SR2_SL11_13', 1),
(390, 'P001', 'D05', '02', 'R4_SR2_SL11_14', 'R2_SR2_SL11_14', 1),
(391, 'P001', 'D05', '02', 'R4_SR2_SL11_15', 'R2_SR2_SL11_15', 1),
(392, 'P001', 'D05', '02', 'R4_SR2_SL11_16', 'R2_SR2_SL11_16', 1),
(393, 'P001', 'D05', '02', 'R4_SR2_SL11_17', 'R2_SR2_SL11_17', 1),
(394, 'P001', 'D05', '02', 'R4_SR2_SL11_18', 'R2_SR2_SL11_18', 1),
(395, 'P001', 'D05', '02', 'R4_SR2_SL11_19', 'R2_SR2_SL11_19', 1),
(396, 'P001', 'D05', '02', 'R4_SR2_SL11_20', 'R2_SR2_SL11_20', 1),
(397, 'P001', 'D05', '02', 'R4_SR2_SL11_21', 'R2_SR2_SL11_21', 1),
(398, 'P001', 'D05', '03', 'R4_SR2_SL12_1', 'R2_SR2_SL12_1', 1),
(399, 'P001', 'D05', '03', 'R4_SR2_SL12_2', 'R2_SR2_SL12_2', 1),
(400, 'P001', 'D05', '03', 'R4_SR2_SL12_3', 'R2_SR2_SL12_3', 1),
(401, 'P001', 'D05', '03', 'R4_SR2_SL12_4', 'R2_SR2_SL12_4', 1),
(402, 'P001', 'D05', '03', 'R4_SR2_SL12_5', 'R2_SR2_SL12_5', 1),
(403, 'P001', 'D05', '03', 'R4_SR2_SL12_6', 'R2_SR2_SL12_6', 1),
(404, 'P001', 'D05', '03', 'R4_SR2_SL12_7', 'R2_SR2_SL12_7', 1),
(405, 'P001', 'D05', '03', 'R4_SR2_SL12_8', 'R2_SR2_SL12_8', 1),
(406, 'P001', 'D05', '03', 'R4_SR2_SL12_9', 'R2_SR2_SL12_9', 1),
(407, 'P001', 'D05', '03', 'R4_SR2_SL12_10', 'R2_SR2_SL12_10', 1),
(408, 'P001', 'D05', '03', 'R4_SR2_SL12_11', 'R2_SR2_SL12_11', 1),
(409, 'P001', 'D05', '03', 'R4_SR2_SL12_12', 'R2_SR2_SL12_12', 1),
(410, 'P001', 'D05', '03', 'R4_SR2_SL12_13', 'R2_SR2_SL12_13', 1),
(411, 'P001', 'D05', '03', 'R4_SR2_SL12_14', 'R2_SR2_SL12_14', 1),
(412, 'P001', 'D05', '03', 'R4_SR2_SL12_15', 'R2_SR2_SL12_15', 1),
(413, 'P001', 'D05', '03', 'R4_SR2_SL12_16', 'R2_SR2_SL12_16', 1),
(414, 'P001', 'D05', '03', 'R4_SR2_SL12_17', 'R2_SR2_SL12_17', 1),
(415, 'P001', 'D05', '03', 'R4_SR2_SL12_18', 'R2_SR2_SL12_18', 1),
(416, 'P001', 'D05', '03', 'R4_SR2_SL12_19', 'R2_SR2_SL12_19', 1),
(417, 'P001', 'D05', '03', 'R4_SR2_SL12_20', 'R2_SR2_SL12_20', 1),
(418, 'P001', 'D05', '03', 'R4_SR2_SL12_21', 'R2_SR2_SL12_21', 1),
(419, 'P001', 'D05', '04', 'R4_SR2_SL13_1', 'R2_SR2_SL13_1', 1),
(420, 'P001', 'D05', '04', 'R4_SR2_SL13_2', 'R2_SR2_SL13_2', 1),
(421, 'P001', 'D05', '04', 'R4_SR2_SL13_3', 'R2_SR2_SL13_3', 1),
(422, 'P001', 'D05', '04', 'R4_SR2_SL13_4', 'R2_SR2_SL13_4', 1),
(423, 'P001', 'D05', '04', 'R4_SR2_SL13_5', 'R2_SR2_SL13_5', 1),
(424, 'P001', 'D05', '04', 'R4_SR2_SL13_6', 'R2_SR2_SL13_6', 1),
(425, 'P001', 'D05', '04', 'R4_SR2_SL13_7', 'R2_SR2_SL13_7', 1),
(426, 'P001', 'D05', '04', 'R4_SR2_SL13_8', 'R2_SR2_SL13_8', 1),
(427, 'P001', 'D05', '04', 'R4_SR2_SL13_9', 'R2_SR2_SL13_9', 1),
(428, 'P001', 'D05', '04', 'R4_SR2_SL13_10', 'R2_SR2_SL13_10', 1),
(429, 'P001', 'D05', '04', 'R4_SR2_SL13_11', 'R2_SR2_SL13_11', 1),
(430, 'P001', 'D05', '04', 'R4_SR2_SL13_12', 'R2_SR2_SL13_12', 1),
(431, 'P001', 'D05', '04', 'R4_SR2_SL13_13', 'R2_SR2_SL13_13', 1),
(432, 'P001', 'D05', '04', 'R4_SR2_SL13_14', 'R2_SR2_SL13_14', 1),
(433, 'P001', 'D05', '04', 'R4_SR2_SL13_15', 'R2_SR2_SL13_15', 1),
(434, 'P001', 'D05', '04', 'R4_SR2_SL13_16', 'R2_SR2_SL13_16', 1),
(435, 'P001', 'D05', '04', 'R4_SR2_SL13_17', 'R2_SR2_SL13_17', 1),
(436, 'P001', 'D05', '04', 'R4_SR2_SL13_18', 'R2_SR2_SL13_18', 1),
(437, 'P001', 'D05', '04', 'R4_SR2_SL13_19', 'R2_SR2_SL13_19', 1),
(438, 'P001', 'D05', '04', 'R4_SR2_SL13_20', 'R2_SR2_SL13_20', 1),
(439, 'P001', 'D05', '04', 'R4_SR2_SL13_21', 'R2_SR2_SL13_21', 1),
(440, 'P001', 'D05', '05', 'R4_SR2_SL14_1', 'R2_SR2_SL14_1', 1),
(441, 'P001', 'D05', '05', 'R4_SR2_SL14_2', 'R2_SR2_SL14_2', 1),
(442, 'P001', 'D05', '05', 'R4_SR2_SL14_3', 'R2_SR2_SL14_3', 1),
(443, 'P001', 'D05', '05', 'R4_SR2_SL14_4', 'R2_SR2_SL14_4', 1),
(444, 'P001', 'D05', '05', 'R4_SR2_SL14_5', 'R2_SR2_SL14_5', 1),
(445, 'P001', 'D05', '05', 'R4_SR2_SL14_6', 'R2_SR2_SL14_6', 1),
(446, 'P001', 'D05', '05', 'R4_SR2_SL14_7', 'R2_SR2_SL14_7', 1),
(447, 'P001', 'D05', '05', 'R4_SR2_SL14_8', 'R2_SR2_SL14_8', 1),
(448, 'P001', 'D05', '05', 'R4_SR2_SL14_9', 'R2_SR2_SL14_9', 1),
(449, 'P001', 'D05', '05', 'R4_SR2_SL14_10', 'R2_SR2_SL14_10', 1),
(450, 'P001', 'D05', '05', 'R4_SR2_SL14_11', 'R2_SR2_SL14_11', 1),
(451, 'P001', 'D05', '05', 'R4_SR2_SL14_12', 'R2_SR2_SL14_12', 1),
(452, 'P001', 'D05', '05', 'R4_SR2_SL14_13', 'R2_SR2_SL14_13', 1),
(453, 'P001', 'D05', '05', 'R4_SR2_SL14_14', 'R2_SR2_SL14_14', 1),
(454, 'P001', 'D05', '05', 'R4_SR2_SL14_15', 'R2_SR2_SL14_15', 1),
(455, 'P001', 'D05', '05', 'R4_SR2_SL14_16', 'R2_SR2_SL14_16', 1),
(456, 'P001', 'D05', '05', 'R4_SR2_SL14_17', 'R2_SR2_SL14_17', 1),
(457, 'P001', 'D05', '05', 'R4_SR2_SL14_18', 'R2_SR2_SL14_18', 1),
(458, 'P001', 'D05', '05', 'R4_SR2_SL14_19', 'R2_SR2_SL14_19', 1),
(459, 'P001', 'D05', '05', 'R4_SR2_SL14_20', 'R2_SR2_SL14_20', 1),
(460, 'P001', 'D05', '05', 'R4_SR2_SL14_21', 'R2_SR2_SL14_21', 1),
(461, 'P001', 'D05', '06', 'R4_SR2_SL15_1', 'R2_SR2_SL15_1', 1),
(462, 'P001', 'D05', '06', 'R4_SR2_SL15_2', 'R2_SR2_SL15_2', 1),
(463, 'P001', 'D05', '06', 'R4_SR2_SL15_3', 'R2_SR2_SL15_3', 1),
(464, 'P001', 'D05', '06', 'R4_SR2_SL15_4', 'R2_SR2_SL15_4', 1),
(465, 'P001', 'D05', '06', 'R4_SR2_SL15_5', 'R2_SR2_SL15_5', 1),
(466, 'P001', 'D05', '06', 'R4_SR2_SL15_6', 'R2_SR2_SL15_6', 1),
(467, 'P001', 'D05', '06', 'R4_SR2_SL15_7', 'R2_SR2_SL15_7', 1),
(468, 'P001', 'D05', '06', 'R4_SR2_SL15_8', 'R2_SR2_SL15_8', 1),
(469, 'P001', 'D05', '06', 'R4_SR2_SL15_9', 'R2_SR2_SL15_9', 1),
(470, 'P001', 'D05', '06', 'R4_SR2_SL15_10', 'R2_SR2_SL15_10', 1),
(471, 'P001', 'D05', '06', 'R4_SR2_SL15_11', 'R2_SR2_SL15_11', 1),
(472, 'P001', 'D05', '06', 'R4_SR2_SL15_12', 'R2_SR2_SL15_12', 1),
(473, 'P001', 'D05', '06', 'R4_SR2_SL15_13', 'R2_SR2_SL15_13', 1),
(474, 'P001', 'D05', '06', 'R4_SR2_SL15_14', 'R2_SR2_SL15_14', 1),
(475, 'P001', 'D05', '06', 'R4_SR2_SL15_15', 'R2_SR2_SL15_15', 1),
(476, 'P001', 'D05', '06', 'R4_SR2_SL15_16', 'R2_SR2_SL15_16', 1),
(477, 'P001', 'D05', '06', 'R4_SR2_SL15_17', 'R2_SR2_SL15_17', 1),
(478, 'P001', 'D05', '06', 'R4_SR2_SL15_18', 'R2_SR2_SL15_18', 1),
(479, 'P001', 'D05', '06', 'R4_SR2_SL15_19', 'R2_SR2_SL15_19', 1),
(480, 'P001', 'D05', '06', 'R4_SR2_SL15_20', 'R2_SR2_SL15_20', 1),
(481, 'P001', 'D05', '06', 'R4_SR2_SL15_21', 'R2_SR2_SL15_21', 1),
(482, 'P001', 'E05', '01', 'R5_SR3_SL4_01', 'R2_SR2_SL1_1', 1),
(483, 'P001', 'E05', '01', 'R5_SR3_SL4_02', 'R2_SR2_SL1_2', 1),
(484, 'P001', 'E05', '01', 'R5_SR3_SL4_03', 'R2_SR2_SL1_3', 1),
(485, 'P001', 'E05', '01', 'R5_SR3_SL4_04', 'R2_SR2_SL1_4', 1),
(486, 'P001', 'E05', '01', 'R5_SR3_SL4_05', 'R2_SR2_SL1_5', 1),
(487, 'P001', 'E05', '01', 'R5_SR3_SL4_06', 'R2_SR2_SL1_6', 1),
(488, 'P001', 'E05', '01', 'R5_SR3_SL4_07', 'R2_SR2_SL1_7', 1),
(489, 'P001', 'E05', '01', 'R5_SR3_SL4_08', 'R2_SR2_SL1_8', 1),
(490, 'P001', 'E05', '01', 'R5_SR3_SL4_09', 'R2_SR2_SL1_9', 1),
(491, 'P001', 'E05', '01', 'R5_SR3_SL4_10', 'R2_SR2_SL1_10', 1),
(492, 'P001', 'E05', '01', 'R5_SR3_SL4_11', 'R2_SR2_SL1_11', 1),
(493, 'P001', 'E05', '01', 'R5_SR3_SL4_12', 'R2_SR2_SL1_12', 1),
(494, 'P001', 'E05', '01', 'R5_SR3_SL4_13', 'R2_SR2_SL1_13', 1),
(495, 'P001', 'E05', '01', 'R5_SR3_SL4_14', 'R2_SR2_SL1_14', 1),
(496, 'P001', 'E05', '01', 'R5_SR3_SL4_15', 'R2_SR2_SL1_15', 1),
(497, 'P001', 'E05', '01', 'R5_SR3_SL4_16', 'R2_SR2_SL1_16', 1),
(498, 'P001', 'E05', '01', 'R5_SR3_SL4_17', 'R2_SR2_SL1_17', 1),
(499, 'P001', 'E05', '01', 'R5_SR3_SL4_18', 'R2_SR2_SL1_18', 1),
(500, 'P001', 'E05', '01', 'R5_SR3_SL4_19', 'R2_SR2_SL1_19', 1),
(501, 'P001', 'E05', '01', 'R5_SR3_SL4_20', 'R2_SR2_SL1_20', 1),
(502, 'P001', 'E05', '01', 'R5_SR3_SL4_21', 'R2_SR2_SL1_21', 1),
(503, 'P001', 'E05', '02', 'R5_SR3_SL11_01', 'R2_SR2_SL2_1', 1),
(504, 'P001', 'E05', '02', 'R5_SR3_SL11_02', 'R2_SR2_SL2_2', 1),
(505, 'P001', 'E05', '02', 'R5_SR3_SL11_03', 'R2_SR2_SL2_3', 1),
(506, 'P001', 'E05', '02', 'R5_SR3_SL11_04', 'R2_SR2_SL2_4', 1),
(507, 'P001', 'E05', '02', 'R5_SR3_SL11_05', 'R2_SR2_SL2_5', 1),
(508, 'P001', 'E05', '02', 'R5_SR3_SL11_06', 'R2_SR2_SL2_6', 1),
(509, 'P001', 'E05', '02', 'R5_SR3_SL11_07', 'R2_SR2_SL2_7', 1),
(510, 'P001', 'E05', '02', 'R5_SR3_SL11_08', 'R2_SR2_SL2_8', 1),
(511, 'P001', 'E05', '02', 'R5_SR3_SL11_09', 'R2_SR2_SL2_9', 1),
(512, 'P001', 'E05', '02', 'R5_SR3_SL11_10', 'R2_SR2_SL2_10', 1),
(513, 'P001', 'E05', '02', 'R5_SR3_SL11_11', 'R2_SR2_SL2_11', 1),
(514, 'P001', 'E05', '02', 'R5_SR3_SL11_12', 'R2_SR2_SL2_12', 1),
(515, 'P001', 'E05', '02', 'R5_SR3_SL11_13', 'R2_SR2_SL2_13', 1),
(516, 'P001', 'E05', '02', 'R5_SR3_SL11_14', 'R2_SR2_SL2_14', 1),
(517, 'P001', 'E05', '02', 'R5_SR3_SL11_15', 'R2_SR2_SL2_15', 1),
(518, 'P001', 'E05', '02', 'R5_SR3_SL11_16', 'R2_SR2_SL2_16', 1),
(519, 'P001', 'E05', '02', 'R5_SR3_SL11_17', 'R2_SR2_SL2_17', 1),
(520, 'P001', 'E05', '02', 'R5_SR3_SL11_18', 'R2_SR2_SL2_18', 1),
(521, 'P001', 'E05', '02', 'R5_SR3_SL11_19', 'R2_SR2_SL2_19', 1),
(522, 'P001', 'E05', '02', 'R5_SR3_SL11_20', 'R2_SR2_SL2_20', 1),
(523, 'P001', 'E05', '02', 'R5_SR3_SL11_21', 'R2_SR2_SL2_21', 1),
(524, 'P001', 'E05', '03', 'R5_SR3_SL12_1', 'R2_SR2_SL3_1', 1),
(525, 'P001', 'E05', '03', 'R5_SR3_SL12_2', 'R2_SR2_SL3_2', 1),
(526, 'P001', 'E05', '03', 'R5_SR3_SL12_3', 'R2_SR2_SL3_3', 1),
(527, 'P001', 'E05', '03', 'R5_SR3_SL12_4', 'R2_SR2_SL3_4', 1),
(528, 'P001', 'E05', '03', 'R5_SR3_SL12_5', 'R2_SR2_SL3_5', 1),
(529, 'P001', 'E05', '03', 'R5_SR3_SL12_6', 'R2_SR2_SL3_6', 1),
(530, 'P001', 'E05', '03', 'R5_SR3_SL12_7', 'R2_SR2_SL3_7', 1),
(531, 'P001', 'E05', '03', 'R5_SR3_SL12_8', 'R2_SR2_SL3_8', 1),
(532, 'P001', 'E05', '03', 'R5_SR3_SL12_9', 'R2_SR2_SL3_9', 1),
(533, 'P001', 'E05', '03', 'R5_SR3_SL12_10', 'R2_SR2_SL3_10', 1),
(534, 'P001', 'E05', '03', 'R5_SR3_SL12_11', 'R2_SR2_SL3_11', 1),
(535, 'P001', 'E05', '03', 'R5_SR3_SL12_12', 'R2_SR2_SL3_12', 1),
(536, 'P001', 'E05', '03', 'R5_SR3_SL12_13', 'R2_SR2_SL3_13', 1),
(537, 'P001', 'E05', '03', 'R5_SR3_SL12_14', 'R2_SR2_SL3_14', 1),
(538, 'P001', 'E05', '03', 'R5_SR3_SL12_15', 'R2_SR2_SL3_15', 1),
(539, 'P001', 'E05', '03', 'R5_SR3_SL12_16', 'R2_SR2_SL3_16', 1),
(540, 'P001', 'E05', '03', 'R5_SR3_SL12_17', 'R2_SR2_SL3_17', 1),
(541, 'P001', 'E05', '03', 'R5_SR3_SL12_18', 'R2_SR2_SL3_18', 1),
(542, 'P001', 'E05', '03', 'R5_SR3_SL12_19', 'R2_SR2_SL3_19', 1),
(543, 'P001', 'E05', '03', 'R5_SR3_SL12_20', 'R2_SR2_SL3_20', 1),
(544, 'P001', 'E05', '03', 'R5_SR3_SL12_21', 'R2_SR2_SL3_21', 1),
(545, 'P001', '', '', '', '', 1),
(546, 'P001', 'D04', '03', 'R4_SR1_SL3_2', 'R4_SR1_SL3_2', 1),
(547, 'P001', 'D04', '03', 'R4_SR1_SL3_3', 'R4_SR1_SL3_3', 1),
(548, 'P001', 'D04', '03', 'R4_SR1_SL3_4', 'R4_SR1_SL3_4', 1),
(549, 'P001', 'D04', '03', 'R4_SR1_SL3_5', 'R4_SR1_SL3_5', 1),
(550, 'P001', 'D04', '03', 'R4_SR1_SL3_6', 'R4_SR1_SL3_6', 1),
(551, 'P001', 'D04', '03', 'R4_SR1_SL3_7', 'R4_SR1_SL3_7', 1),
(552, 'P001', 'D04', '03', 'R4_SR1_SL3_8', 'R4_SR1_SL3_8', 1),
(553, 'P001', 'D04', '03', 'R4_SR1_SL3_9', 'R4_SR1_SL3_9', 1),
(554, 'P001', 'D04', '03', 'R4_SR1_SL3_10', 'R4_SR1_SL3_10', 1),
(555, 'P001', 'D04', '03', 'R4_SR1_SL3_11', 'R4_SR1_SL3_11', 1),
(556, 'P001', 'D04', '03', 'R4_SR1_SL3_12', 'R4_SR1_SL3_12', 1),
(557, 'P001', 'D04', '03', 'R4_SR1_SL3_13', 'R4_SR1_SL3_13', 1),
(558, 'P001', 'D04', '03', 'R4_SR1_SL3_14', 'R4_SR1_SL3_14', 1),
(559, 'P001', 'D04', '03', 'R4_SR1_SL3_15', 'R4_SR1_SL3_15', 1),
(560, 'P001', 'D04', '03', 'R4_SR1_SL3_16', 'R4_SR1_SL3_16', 1),
(561, 'P001', 'D04', '03', 'R4_SR1_SL3_17', 'R4_SR1_SL3_17', 1),
(562, 'P001', 'D04', '03', 'R4_SR1_SL3_18', 'R4_SR1_SL3_18', 1),
(563, 'P001', 'D04', '03', 'R4_SR1_SL3_19', 'R4_SR1_SL3_19', 1),
(564, 'P001', 'D04', '03', 'R4_SR1_SL3_20', 'R4_SR1_SL3_20', 1),
(565, 'P001', 'D04', '03', 'R4_SR1_SL3_21', 'R4_SR1_SL3_21', 1),
(566, 'P001', 'D04', '07', 'R4_SR1_SL13_1', 'R6_SR2_SL15_1', 1),
(567, 'P001', 'D04', '07', 'R4_SR1_SL13_2', 'R6_SR2_SL15_2', 1),
(568, 'P001', 'D04', '07', 'R4_SR1_SL13_3', 'R6_SR2_SL15_3', 1),
(569, 'P001', 'D04', '07', 'R4_SR1_SL13_4', 'R6_SR2_SL15_4', 1),
(570, 'P001', 'D04', '07', 'R4_SR1_SL13_5', 'R6_SR2_SL15_5', 1),
(571, 'P001', 'D04', '07', 'R4_SR1_SL13_6', 'R6_SR2_SL15_6', 1),
(572, 'P001', 'D04', '07', 'R4_SR1_SL13_7', 'R6_SR2_SL15_7', 1),
(573, 'P001', 'D04', '07', 'R4_SR1_SL13_8', 'R6_SR2_SL15_8', 1),
(574, 'P001', 'D04', '07', 'R4_SR1_SL13_9', 'R6_SR2_SL15_9', 1),
(575, 'P001', 'D04', '07', 'R4_SR1_SL13_10', 'R6_SR2_SL15_10', 1),
(576, 'P001', 'D04', '07', 'R4_SR1_SL13_11', 'R6_SR2_SL15_11', 1),
(577, 'P001', 'D04', '07', 'R4_SR1_SL13_12', 'R6_SR2_SL15_12', 1),
(578, 'P001', 'D04', '07', 'R4_SR1_SL13_13', 'R6_SR2_SL15_13', 1),
(579, 'P001', 'D04', '07', 'R4_SR1_SL13_14', 'R6_SR2_SL15_14', 1),
(580, 'P001', 'D04', '07', 'R4_SR1_SL13_15', 'R6_SR2_SL15_15', 1),
(581, 'P001', 'D04', '07', 'R4_SR1_SL13_16', 'R6_SR2_SL15_16', 1),
(582, 'P001', 'D04', '07', 'R4_SR1_SL13_17', 'R6_SR2_SL15_17', 1),
(583, 'P001', 'D04', '07', 'R4_SR1_SL13_18', 'R6_SR2_SL15_18', 1),
(584, 'P001', 'D04', '07', 'R4_SR1_SL13_19', 'R6_SR2_SL15_19', 1),
(585, 'P001', 'D04', '07', 'R4_SR1_SL13_20', 'R6_SR2_SL15_20', 1),
(586, 'P001', 'D04', '07', 'R4_SR1_SL13_21', 'R6_SR2_SL15_21', 1),
(587, 'P001', 'D04', '08', 'R4_SR1_SL14_1', 'R6_SR2_SL15_1', 1),
(588, 'P001', 'D04', '08', 'R4_SR1_SL14_2', 'R6_SR2_SL15_2', 1),
(589, 'P001', 'D04', '08', 'R4_SR1_SL14_3', 'R6_SR2_SL15_3', 1),
(590, 'P001', 'D04', '08', 'R4_SR1_SL14_4', 'R6_SR2_SL15_4', 1),
(591, 'P001', 'D04', '08', 'R4_SR1_SL14_5', 'R6_SR2_SL15_5', 1),
(592, 'P001', 'D04', '08', 'R4_SR1_SL14_6', 'R6_SR2_SL15_6', 1),
(593, 'P001', 'D04', '08', 'R4_SR1_SL14_7', 'R6_SR2_SL15_7', 1),
(594, 'P001', 'D04', '08', 'R4_SR1_SL14_8', 'R6_SR2_SL15_8', 1),
(595, 'P001', 'D04', '08', 'R4_SR1_SL14_9', 'R6_SR2_SL15_9', 1),
(596, 'P001', 'D04', '08', 'R4_SR1_SL14_10', 'R6_SR2_SL15_10', 1),
(597, 'P001', 'D04', '08', 'R4_SR1_SL14_11', 'R6_SR2_SL15_11', 1),
(598, 'P001', 'D04', '08', 'R4_SR1_SL14_12', 'R6_SR2_SL15_12', 1),
(599, 'P001', 'D04', '08', 'R4_SR1_SL14_13', 'R6_SR2_SL15_13', 1),
(600, 'P001', 'D04', '08', 'R4_SR1_SL14_14', 'R6_SR2_SL15_14', 1),
(601, 'P001', 'D04', '08', 'R4_SR1_SL14_15', 'R6_SR2_SL15_15', 1),
(602, 'P001', 'D04', '08', 'R4_SR1_SL14_16', 'R6_SR2_SL15_16', 1),
(603, 'P001', 'D04', '08', 'R4_SR1_SL14_17', 'R6_SR2_SL15_17', 1),
(604, 'P001', 'D04', '08', 'R4_SR1_SL14_18', 'R6_SR2_SL15_18', 1),
(605, 'P001', 'D04', '08', 'R4_SR1_SL14_19', 'R6_SR2_SL15_19', 1),
(606, 'P001', 'D04', '08', 'R4_SR1_SL14_20', 'R6_SR2_SL15_20', 1),
(607, 'P001', 'D04', '08', 'R4_SR1_SL14_21', 'R6_SR2_SL15_21', 1),
(608, 'P001', 'D04', '09', 'R4_SR1_SL15_1', 'R6_SR2_SL15_1', 1),
(609, 'P001', 'D04', '09', 'R4_SR1_SL15_2', 'R6_SR2_SL15_2', 1),
(610, 'P001', 'D04', '09', 'R4_SR1_SL15_3', 'R6_SR2_SL15_3', 1),
(611, 'P001', 'D04', '09', 'R4_SR1_SL15_4', 'R6_SR2_SL15_4', 1),
(612, 'P001', 'D04', '09', 'R4_SR1_SL15_5', 'R6_SR2_SL15_5', 1),
(613, 'P001', 'D04', '09', 'R4_SR1_SL15_6', 'R6_SR2_SL15_6', 1),
(614, 'P001', 'D04', '09', 'R4_SR1_SL15_7', 'R6_SR2_SL15_7', 1),
(615, 'P001', 'D04', '09', 'R4_SR1_SL15_8', 'R6_SR2_SL15_8', 1),
(616, 'P001', 'D04', '09', 'R4_SR1_SL15_9', 'R6_SR2_SL15_9', 1),
(617, 'P001', 'D04', '09', 'R4_SR1_SL15_10', 'R6_SR2_SL15_10', 1),
(618, 'P001', 'D04', '09', 'R4_SR1_SL15_11', 'R6_SR2_SL15_11', 1),
(619, 'P001', 'D04', '09', 'R4_SR1_SL15_12', 'R6_SR2_SL15_12', 1),
(620, 'P001', 'D04', '09', 'R4_SR1_SL15_13', 'R6_SR2_SL15_13', 1),
(621, 'P001', 'D04', '09', 'R4_SR1_SL15_14', 'R6_SR2_SL15_14', 1),
(622, 'P001', 'D04', '09', 'R4_SR1_SL15_15', 'R6_SR2_SL15_15', 1),
(623, 'P001', 'D04', '09', 'R4_SR1_SL15_16', 'R6_SR2_SL15_16', 1),
(624, 'P001', 'D04', '09', 'R4_SR1_SL15_17', 'R6_SR2_SL15_17', 1),
(625, 'P001', 'D04', '09', 'R4_SR1_SL15_18', 'R6_SR2_SL15_18', 1),
(626, 'P001', 'D04', '09', 'R4_SR1_SL15_19', 'R6_SR2_SL15_19', 1),
(627, 'P001', 'D04', '09', 'R4_SR1_SL15_20', 'R6_SR2_SL15_20', 1),
(628, 'P001', 'D04', '09', 'R4_SR1_SL15_21', 'R6_SR2_SL15_21', 1),
(629, 'P001', 'D04', '10', 'R4_SR2_SL1_1', 'R2_SR2_SL12_1', 1),
(630, 'P001', 'D04', '10', 'R4_SR2_SL1_2', 'R2_SR2_SL12_2', 1),
(631, 'P001', 'D04', '10', 'R4_SR2_SL1_3', 'R2_SR2_SL12_3', 1),
(632, 'P001', 'D04', '10', 'R4_SR2_SL1_4', 'R2_SR2_SL12_4', 1),
(633, 'P001', 'D04', '10', 'R4_SR2_SL1_5', 'R2_SR2_SL12_5', 1),
(634, 'P001', 'D04', '10', 'R4_SR2_SL1_6', 'R2_SR2_SL12_6', 1),
(635, 'P001', 'D04', '10', 'R4_SR2_SL1_7', 'R2_SR2_SL12_7', 1),
(636, 'P001', 'D04', '10', 'R4_SR2_SL1_8', 'R2_SR2_SL12_8', 1),
(637, 'P001', 'D04', '10', 'R4_SR2_SL1_9', 'R2_SR2_SL12_9', 1),
(638, 'P001', 'D04', '10', 'R4_SR2_SL1_10', 'R2_SR2_SL12_10', 1),
(639, 'P001', 'D04', '10', 'R4_SR2_SL1_11', 'R2_SR2_SL12_11', 1),
(640, 'P001', 'D04', '10', 'R4_SR2_SL1_12', 'R2_SR2_SL12_12', 1),
(641, 'P001', 'D04', '10', 'R4_SR2_SL1_13', 'R2_SR2_SL12_13', 1),
(642, 'P001', 'D04', '10', 'R4_SR2_SL1_14', 'R2_SR2_SL12_14', 1),
(643, 'P001', 'D04', '10', 'R4_SR2_SL1_15', 'R2_SR2_SL12_15', 1),
(644, 'P001', 'D04', '10', 'R4_SR2_SL1_16', 'R2_SR2_SL12_16', 1),
(645, 'P001', 'D04', '10', 'R4_SR2_SL1_17', 'R2_SR2_SL12_17', 1),
(646, 'P001', 'D04', '10', 'R4_SR2_SL1_18', 'R2_SR2_SL12_18', 1),
(647, 'P001', 'D04', '10', 'R4_SR2_SL1_19', 'R2_SR2_SL12_19', 1),
(648, 'P001', 'D04', '10', 'R4_SR2_SL1_20', 'R2_SR2_SL12_20', 1),
(649, 'P001', 'D04', '10', 'R4_SR2_SL1_21', 'R2_SR2_SL12_21', 1),
(650, 'P001', 'D04', '12', 'R4_SR2_SL3_01', 'R1_SR2_SL15_1', 1),
(651, 'P001', 'D04', '12', 'R4_SR2_SL3_02', 'R1_SR2_SL15_2', 1),
(652, 'P001', 'D04', '12', 'R4_SR2_SL3_03', 'R1_SR2_SL15_3', 1),
(653, 'P001', 'D04', '12', 'R4_SR2_SL3_04', 'R1_SR2_SL15_4', 1),
(654, 'P001', 'D04', '12', 'R4_SR2_SL3_05', 'R1_SR2_SL15_5', 1),
(655, 'P001', 'D04', '12', 'R4_SR2_SL3_06', 'R1_SR2_SL15_6', 1),
(656, 'P001', 'D04', '12', 'R4_SR2_SL3_07', 'R1_SR2_SL15_7', 1),
(657, 'P001', 'D04', '12', 'R4_SR2_SL3_08', 'R1_SR2_SL15_8', 1),
(658, 'P001', 'D04', '12', 'R4_SR2_SL3_09', 'R1_SR2_SL15_9', 1),
(659, 'P001', 'D05', '07', 'R4_SR3_SL1_1', 'R4_SR2_SL13_1', 1),
(660, 'P001', 'D05', '07', 'R4_SR3_SL1_2', 'R4_SR2_SL13_2', 1),
(661, 'P001', 'D05', '07', 'R4_SR3_SL1_3', 'R4_SR2_SL13_3', 1),
(662, 'P001', 'D05', '07', 'R4_SR3_SL1_4', 'R4_SR2_SL13_4', 1),
(663, 'P001', 'D05', '07', 'R4_SR3_SL1_5', 'R4_SR2_SL13_5', 1),
(664, 'P001', 'D05', '07', 'R4_SR3_SL1_6', 'R4_SR2_SL13_6', 1),
(665, 'P001', 'D05', '07', 'R4_SR3_SL1_7', 'R4_SR2_SL13_7', 1),
(666, 'P001', 'D05', '07', 'R4_SR3_SL1_8', 'R4_SR2_SL13_8', 1),
(667, 'P001', 'D05', '07', 'R4_SR3_SL1_9', 'R4_SR2_SL13_9', 1),
(668, 'P001', 'D05', '07', 'R4_SR3_SL1_10', 'R4_SR2_SL13_10', 1),
(669, 'P001', 'D05', '07', 'R4_SR3_SL1_11', 'R4_SR2_SL13_11', 1),
(670, 'P001', 'D05', '07', 'R4_SR3_SL1_12', 'R4_SR2_SL13_12', 1),
(671, 'P001', 'D05', '07', 'R4_SR3_SL1_13', 'R4_SR2_SL13_13', 1),
(672, 'P001', 'D05', '07', 'R4_SR3_SL1_14', 'R4_SR2_SL13_14', 1),
(673, 'P001', 'D05', '07', 'R4_SR3_SL1_15', 'R4_SR2_SL13_15', 1),
(674, 'P001', 'D05', '07', 'R4_SR3_SL1_16', 'R4_SR2_SL13_16', 1),
(675, 'P001', 'D05', '07', 'R4_SR3_SL1_17', 'R4_SR2_SL13_17', 1),
(676, 'P001', 'D05', '07', 'R4_SR3_SL1_18', 'R4_SR2_SL13_18', 1),
(677, 'P001', 'D05', '07', 'R4_SR3_SL1_19', 'R4_SR2_SL13_19', 1),
(678, 'P001', 'D05', '07', 'R4_SR3_SL1_20', 'R4_SR2_SL13_20', 1),
(679, 'P001', 'D05', '07', 'R4_SR3_SL1_21', 'R4_SR2_SL13_21', 1),
(680, 'P001', 'D05', '08', 'R4_SR3_SL2_1', 'R4_SR2_SL14_1', 1),
(681, 'P001', 'D05', '08', 'R4_SR3_SL2_2', 'R4_SR2_SL14_2', 1),
(682, 'P001', 'D05', '08', 'R4_SR3_SL2_3', 'R4_SR2_SL14_3', 1),
(683, 'P001', 'D05', '08', 'R4_SR3_SL2_4', 'R4_SR2_SL14_4', 1),
(684, 'P001', 'D05', '08', 'R4_SR3_SL2_5', 'R4_SR2_SL14_5', 1),
(685, 'P001', 'D05', '08', 'R4_SR3_SL2_6', 'R4_SR2_SL14_6', 1),
(686, 'P001', 'D05', '08', 'R4_SR3_SL2_7', 'R4_SR2_SL14_7', 1),
(687, 'P001', 'D05', '08', 'R4_SR3_SL2_8', 'R4_SR2_SL14_8', 1),
(688, 'P001', 'D05', '08', 'R4_SR3_SL2_9', 'R4_SR2_SL14_9', 1),
(689, 'P001', 'D05', '08', 'R4_SR3_SL2_10', 'R4_SR2_SL14_10', 1),
(690, 'P001', 'D05', '08', 'R4_SR3_SL2_11', 'R4_SR2_SL14_11', 1),
(691, 'P001', 'D05', '08', 'R4_SR3_SL2_12', 'R4_SR2_SL14_12', 1),
(692, 'P001', 'D05', '08', 'R4_SR3_SL2_13', 'R4_SR2_SL14_13', 1),
(693, 'P001', 'D05', '08', 'R4_SR3_SL2_14', 'R4_SR2_SL14_14', 1),
(694, 'P001', 'D05', '08', 'R4_SR3_SL2_15', 'R4_SR2_SL14_15', 1),
(695, 'P001', 'D05', '08', 'R4_SR3_SL2_16', 'R4_SR2_SL14_16', 1),
(696, 'P001', 'D05', '08', 'R4_SR3_SL2_17', 'R4_SR2_SL14_17', 1),
(697, 'P001', 'D05', '08', 'R4_SR3_SL2_18', 'R4_SR2_SL14_18', 1),
(698, 'P001', 'D05', '08', 'R4_SR3_SL2_19', 'R4_SR2_SL14_19', 1),
(699, 'P001', 'D05', '08', 'R4_SR3_SL2_20', 'R4_SR2_SL14_20', 1),
(700, 'P001', 'D05', '08', 'R4_SR3_SL2_21', 'R4_SR2_SL14_21', 1),
(701, 'P001', 'D05', '09', 'R4_SR3_SL3_1', 'R4_SR2_SL15_1', 1),
(702, 'P001', 'D05', '09', 'R4_SR3_SL3_2', 'R4_SR2_SL15_2', 1),
(703, 'P001', 'D05', '09', 'R4_SR3_SL3_3', 'R4_SR2_SL15_3', 1),
(704, 'P001', 'D05', '09', 'R4_SR3_SL3_4', 'R4_SR2_SL15_4', 1),
(705, 'P001', 'D05', '09', 'R4_SR3_SL3_5', 'R4_SR2_SL15_5', 1),
(706, 'P001', 'D05', '09', 'R4_SR3_SL3_6', 'R4_SR2_SL15_6', 1),
(707, 'P001', 'D05', '09', 'R4_SR3_SL3_7', 'R4_SR2_SL15_7', 1),
(708, 'P001', 'D05', '09', 'R4_SR3_SL3_8', 'R4_SR2_SL15_8', 1),
(709, 'P001', 'D05', '09', 'R4_SR3_SL3_9', 'R4_SR2_SL15_9', 1),
(710, 'P001', 'D05', '09', 'R4_SR3_SL3_10', 'R4_SR2_SL15_10', 1),
(711, 'P001', 'D05', '09', 'R4_SR3_SL3_11', 'R4_SR2_SL15_11', 1),
(712, 'P001', 'D05', '09', 'R4_SR3_SL3_12', 'R4_SR2_SL15_12', 1),
(713, 'P001', 'D05', '09', 'R4_SR3_SL3_13', 'R4_SR2_SL15_13', 1),
(714, 'P001', 'D05', '09', 'R4_SR3_SL3_14', 'R4_SR2_SL15_14', 1),
(715, 'P001', 'D05', '09', 'R4_SR3_SL3_15', 'R4_SR2_SL15_15', 1),
(716, 'P001', 'D05', '09', 'R4_SR3_SL3_16', 'R4_SR2_SL15_16', 1),
(717, 'P001', 'D05', '09', 'R4_SR3_SL3_17', 'R4_SR2_SL15_17', 1),
(718, 'P001', 'D05', '09', 'R4_SR3_SL3_18', 'R4_SR2_SL15_18', 1),
(719, 'P001', 'D05', '09', 'R4_SR3_SL3_19', 'R4_SR2_SL15_19', 1),
(720, 'P001', 'D05', '09', 'R4_SR3_SL3_20', 'R4_SR2_SL15_20', 1),
(721, 'P001', 'D05', '09', 'R4_SR3_SL3_21', 'R4_SR2_SL15_21', 1),
(722, 'P001', 'D05', '10', 'R4_SR3_SL4_1', 'R4_SR3_SL1_1', 1),
(723, 'P001', 'D05', '10', 'R4_SR3_SL4_2', 'R4_SR3_SL1_2', 1),
(724, 'P001', 'D05', '10', 'R4_SR3_SL4_3', 'R4_SR3_SL1_3', 1),
(725, 'P001', 'D05', '10', 'R4_SR3_SL4_4', 'R4_SR3_SL1_4', 1);
INSERT INTO `tb_perangkat_detail` (`id_per_detail`, `id_per`, `ddf_a`, `ddf_b`, `channelida`, `channelidb`, `id_backbone`) VALUES
(726, 'P001', 'D05', '10', 'R4_SR3_SL4_5', 'R4_SR3_SL1_5', 1),
(727, 'P001', 'D05', '10', 'R4_SR3_SL4_6', 'R4_SR3_SL1_6', 1),
(728, 'P001', 'D05', '10', 'R4_SR3_SL4_7', 'R4_SR3_SL1_7', 1),
(729, 'P001', 'D05', '10', 'R4_SR3_SL4_8', 'R4_SR3_SL1_8', 1),
(730, 'P001', 'D05', '10', 'R4_SR3_SL4_9', 'R4_SR3_SL1_9', 1),
(731, 'P001', 'D05', '10', 'R4_SR3_SL4_10', 'R4_SR3_SL1_10', 1),
(732, 'P001', 'D05', '10', 'R4_SR3_SL4_11', 'R4_SR3_SL1_11', 1),
(733, 'P001', 'D05', '10', 'R4_SR3_SL4_12', 'R4_SR3_SL1_12', 1),
(734, 'P001', 'D05', '10', 'R4_SR3_SL4_13', 'R4_SR3_SL1_13', 1),
(735, 'P001', 'D05', '10', 'R4_SR3_SL4_14', 'R4_SR3_SL1_14', 1),
(736, 'P001', 'D05', '10', 'R4_SR3_SL4_15', 'R4_SR3_SL1_15', 1),
(737, 'P001', 'D05', '10', 'R4_SR3_SL4_16', 'R4_SR3_SL1_16', 1),
(738, 'P001', 'D05', '10', 'R4_SR3_SL4_17', 'R4_SR3_SL1_17', 1),
(739, 'P001', 'D05', '10', 'R4_SR3_SL4_18', 'R4_SR3_SL1_18', 1),
(740, 'P001', 'D05', '10', 'R4_SR3_SL4_19', 'R4_SR3_SL1_19', 1),
(741, 'P001', 'D05', '10', 'R4_SR3_SL4_20', 'R4_SR3_SL1_20', 1),
(742, 'P001', 'D05', '10', 'R4_SR3_SL4_21', 'R4_SR3_SL1_21', 1),
(743, 'P001', 'D05', '11', 'R4_SR3_SL11_1', 'R4_SR3_SL2_1', 1),
(744, 'P001', 'D05', '11', 'R4_SR3_SL11_2', 'R4_SR3_SL2_2', 1),
(745, 'P001', 'D05', '11', 'R4_SR3_SL11_3', 'R4_SR3_SL2_3', 1),
(746, 'P001', 'D05', '11', 'R4_SR3_SL11_4', 'R4_SR3_SL2_4', 1),
(747, 'P001', 'D05', '11', 'R4_SR3_SL11_5', 'R4_SR3_SL2_5', 1),
(748, 'P001', 'D05', '11', 'R4_SR3_SL11_6', 'R4_SR3_SL2_6', 1),
(749, 'P001', 'D05', '11', 'R4_SR3_SL11_7', 'R4_SR3_SL2_7', 1),
(750, 'P001', 'D05', '11', 'R4_SR3_SL11_8', 'R4_SR3_SL2_8', 1),
(751, 'P001', 'D05', '11', 'R4_SR3_SL11_9', 'R4_SR3_SL2_9', 1),
(752, 'P001', 'D05', '11', 'R4_SR3_SL11_10', 'R4_SR3_SL2_10', 1),
(753, 'P001', 'D05', '11', 'R4_SR3_SL11_11', 'R4_SR3_SL2_11', 1),
(754, 'P001', 'D05', '11', 'R4_SR3_SL11_12', 'R4_SR3_SL2_12', 1),
(755, 'P001', 'D05', '11', 'R4_SR3_SL11_13', 'R4_SR3_SL2_13', 1),
(756, 'P001', 'D05', '11', 'R4_SR3_SL11_14', 'R4_SR3_SL2_14', 1),
(757, 'P001', 'D05', '11', 'R4_SR3_SL11_15', 'R4_SR3_SL2_15', 1),
(758, 'P001', 'D05', '11', 'R4_SR3_SL11_16', 'R4_SR3_SL2_16', 1),
(759, 'P001', 'D05', '11', 'R4_SR3_SL11_17', 'R4_SR3_SL2_17', 1),
(760, 'P001', 'D05', '11', 'R4_SR3_SL11_18', 'R4_SR3_SL2_18', 1),
(761, 'P001', 'D05', '11', 'R4_SR3_SL11_19', 'R4_SR3_SL2_19', 1),
(762, 'P001', 'D05', '11', 'R4_SR3_SL11_20', 'R4_SR3_SL2_20', 1),
(763, 'P001', 'D05', '11', 'R4_SR3_SL11_21', 'R4_SR3_SL2_21', 1),
(764, 'P001', 'D05', '12', 'R4_SR3_SL12_1', 'R4_SR3_SL3_1', 1),
(765, 'P001', 'D05', '12', 'R4_SR3_SL12_2', 'R4_SR3_SL3_2', 1),
(766, 'P001', 'D05', '12', 'R4_SR3_SL12_3', 'R4_SR3_SL3_3', 1),
(767, 'P001', 'D05', '12', 'R4_SR3_SL12_4', 'R4_SR3_SL3_4', 1),
(768, 'P001', 'D05', '12', 'R4_SR3_SL12_5', 'R4_SR3_SL3_5', 1),
(769, 'P001', 'D05', '12', 'R4_SR3_SL12_6', 'R4_SR3_SL3_6', 1),
(770, 'P001', 'D05', '12', 'R4_SR3_SL12_7', 'R4_SR3_SL3_7', 1),
(771, 'P001', 'D05', '12', 'R4_SR3_SL12_8', 'R4_SR3_SL3_8', 1),
(772, 'P001', 'D05', '12', 'R4_SR3_SL12_9', 'R4_SR3_SL3_9', 1),
(773, 'P001', 'D05', '12', 'R4_SR3_SL12_10', 'R4_SR3_SL3_10', 1),
(774, 'P001', 'D05', '12', 'R4_SR3_SL12_11', 'R4_SR3_SL3_11', 1),
(775, 'P001', 'D05', '12', 'R4_SR3_SL12_12', 'R4_SR3_SL3_12', 1),
(776, 'P001', 'D05', '12', 'R4_SR3_SL12_13', 'R4_SR3_SL3_13', 1),
(777, 'P001', 'D05', '12', 'R4_SR3_SL12_14', 'R4_SR3_SL3_14', 1),
(778, 'P001', 'D05', '12', 'R4_SR3_SL12_15', 'R4_SR3_SL3_15', 1),
(779, 'P001', 'D05', '12', 'R4_SR3_SL12_16', 'R4_SR3_SL3_16', 1),
(780, 'P001', 'D05', '12', 'R4_SR3_SL12_17', 'R4_SR3_SL3_17', 1),
(781, 'P001', 'D05', '12', 'R4_SR3_SL12_18', 'R4_SR3_SL3_18', 1),
(782, 'P001', 'D05', '12', 'R4_SR3_SL12_19', 'R4_SR3_SL3_19', 1),
(783, 'P001', 'D05', '12', 'R4_SR3_SL12_20', 'R4_SR3_SL3_20', 1),
(784, 'P001', 'D05', '12', 'R4_SR3_SL12_21', 'R4_SR3_SL3_21', 1),
(785, 'P001', 'D06', '01', 'R4_SR3_SL13_1', 'R4_SR3_SL4_1', 1),
(786, 'P001', 'D06', '01', 'R4_SR3_SL13_2', 'R4_SR3_SL4_2', 1),
(787, 'P001', 'D06', '01', 'R4_SR3_SL13_3', 'R4_SR3_SL4_3', 1),
(788, 'P001', 'D06', '01', 'R4_SR3_SL13_4', 'R4_SR3_SL4_4', 1),
(789, 'P001', 'D06', '01', 'R4_SR3_SL13_5', 'R4_SR3_SL4_5', 1),
(790, 'P001', 'D06', '01', 'R4_SR3_SL13_6', 'R4_SR3_SL4_6', 1),
(791, 'P001', 'D06', '01', 'R4_SR3_SL13_7', 'R4_SR3_SL4_7', 1),
(792, 'P001', 'D06', '01', 'R4_SR3_SL13_8', 'R4_SR3_SL4_8', 1),
(793, 'P001', 'D06', '01', 'R4_SR3_SL13_9', 'R4_SR3_SL4_9', 1),
(794, 'P001', 'D06', '01', 'R4_SR3_SL13_10', 'R4_SR3_SL4_10', 1),
(795, 'P001', 'D06', '01', 'R4_SR3_SL13_11', 'R4_SR3_SL4_11', 1),
(796, 'P001', 'D06', '01', 'R4_SR3_SL13_12', 'R4_SR3_SL4_12', 1),
(797, 'P001', 'D06', '01', 'R4_SR3_SL13_13', 'R4_SR3_SL4_13', 1),
(798, 'P001', 'D06', '01', 'R4_SR3_SL13_14', 'R4_SR3_SL4_14', 1),
(799, 'P001', 'D06', '01', 'R4_SR3_SL13_15', 'R4_SR3_SL4_15', 1),
(800, 'P001', 'D06', '01', 'R4_SR3_SL13_16', 'R4_SR3_SL4_16', 1),
(801, 'P001', 'D06', '01', 'R4_SR3_SL13_17', 'R4_SR3_SL4_17', 1),
(802, 'P001', 'D06', '01', 'R4_SR3_SL13_18', 'R4_SR3_SL4_18', 1),
(803, 'P001', 'D06', '01', 'R4_SR3_SL13_19', 'R4_SR3_SL4_19', 1),
(804, 'P001', 'D06', '01', 'R4_SR3_SL13_20', 'R4_SR3_SL4_20', 1),
(805, 'P001', 'D06', '01', 'R4_SR3_SL13_21', 'R4_SR3_SL4_21', 1),
(806, 'P001', 'D06', '02', 'R4_SR3_SL14_1', 'R4_SR3_SL11_1', 1),
(807, 'P001', 'D06', '02', 'R4_SR3_SL14_2', 'R4_SR3_SL11_2', 1),
(808, 'P001', 'D06', '02', 'R4_SR3_SL14_3', 'R4_SR3_SL11_3', 1),
(809, 'P001', 'D06', '02', 'R4_SR3_SL14_4', 'R4_SR3_SL11_4', 1),
(810, 'P001', 'D06', '02', 'R4_SR3_SL14_5', 'R4_SR3_SL11_5', 1),
(811, 'P001', 'D06', '02', 'R4_SR3_SL14_6', 'R4_SR3_SL11_6', 1),
(812, 'P001', 'D06', '02', 'R4_SR3_SL14_7', 'R4_SR3_SL11_7', 1),
(813, 'P001', 'D06', '02', 'R4_SR3_SL14_8', 'R4_SR3_SL11_8', 1),
(814, 'P001', 'D06', '02', 'R4_SR3_SL14_9', 'R4_SR3_SL11_9', 1),
(815, 'P001', 'D06', '02', 'R4_SR3_SL14_10', 'R4_SR3_SL11_10', 1),
(816, 'P001', 'D06', '02', 'R4_SR3_SL14_11', 'R4_SR3_SL11_11', 1),
(817, 'P001', 'D06', '02', 'R4_SR3_SL14_12', 'R4_SR3_SL11_12', 1),
(818, 'P001', 'D06', '02', 'R4_SR3_SL14_13', 'R4_SR3_SL11_13', 1),
(819, 'P001', 'D06', '02', 'R4_SR3_SL14_14', 'R4_SR3_SL11_14', 1),
(820, 'P001', 'D06', '02', 'R4_SR3_SL14_15', 'R4_SR3_SL11_15', 1),
(821, 'P001', 'D06', '02', 'R4_SR3_SL14_16', 'R4_SR3_SL11_16', 1),
(822, 'P001', 'D06', '02', 'R4_SR3_SL14_17', 'R4_SR3_SL11_17', 1),
(823, 'P001', 'D06', '02', 'R4_SR3_SL14_18', 'R4_SR3_SL11_18', 1),
(824, 'P001', 'D06', '02', 'R4_SR3_SL14_19', 'R4_SR3_SL11_19', 1),
(825, 'P001', 'D06', '02', 'R4_SR3_SL14_20', 'R4_SR3_SL11_20', 1),
(826, 'P001', 'D06', '02', 'R4_SR3_SL14_21', 'R4_SR3_SL11_21', 1),
(827, 'P001', 'D06', '03', 'R4_SR3_SL15_1', 'R4_SR3_SL12_1', 1),
(828, 'P001', 'D06', '03', 'R4_SR3_SL15_2', 'R4_SR3_SL12_2', 1),
(829, 'P001', 'D06', '03', 'R4_SR3_SL15_3', 'R4_SR3_SL12_3', 1),
(830, 'P001', 'D06', '03', 'R4_SR3_SL15_4', 'R4_SR3_SL12_4', 1),
(831, 'P001', 'D06', '03', 'R4_SR3_SL15_5', 'R4_SR3_SL12_5', 1),
(832, 'P001', 'D06', '03', 'R4_SR3_SL15_6', 'R4_SR3_SL12_6', 1),
(833, 'P001', 'D06', '03', 'R4_SR3_SL15_7', 'R4_SR3_SL12_7', 1),
(834, 'P001', 'D06', '03', 'R4_SR3_SL15_8', 'R4_SR3_SL12_8', 1),
(835, 'P001', 'D06', '03', 'R4_SR3_SL15_9', 'R4_SR3_SL12_9', 1),
(836, 'P001', 'D06', '03', 'R4_SR3_SL15_10', 'R4_SR3_SL12_10', 1),
(837, 'P001', 'D06', '03', 'R4_SR3_SL15_11', 'R4_SR3_SL12_11', 1),
(838, 'P001', 'D06', '03', 'R4_SR3_SL15_12', 'R4_SR3_SL12_12', 1),
(839, 'P001', 'D06', '03', 'R4_SR3_SL15_13', 'R4_SR3_SL12_13', 1),
(840, 'P001', 'D06', '03', 'R4_SR3_SL15_14', 'R4_SR3_SL12_14', 1),
(841, 'P001', 'D06', '03', 'R4_SR3_SL15_15', 'R4_SR3_SL12_15', 1),
(842, 'P001', 'D06', '03', 'R4_SR3_SL15_16', 'R4_SR3_SL12_16', 1),
(843, 'P001', 'D06', '03', 'R4_SR3_SL15_17', 'R4_SR3_SL12_17', 1),
(844, 'P001', 'D06', '03', 'R4_SR3_SL15_18', 'R4_SR3_SL12_18', 1),
(845, 'P001', 'D06', '03', 'R4_SR3_SL15_19', 'R4_SR3_SL12_19', 1),
(846, 'P001', 'D06', '03', 'R4_SR3_SL15_20', 'R4_SR3_SL12_20', 1),
(847, 'P001', 'D06', '03', 'R4_SR3_SL15_21', 'R4_SR3_SL12_21', 1),
(848, 'P001', 'D06', '04', 'R5_SR1_SL1_1', 'R4_SR3_SL13_1', 1),
(849, 'P001', 'D06', '04', 'R5_SR1_SL1_2', 'R4_SR3_SL13_2', 1),
(850, 'P001', 'D06', '04', 'R5_SR1_SL1_3', 'R4_SR3_SL13_3', 1),
(851, 'P001', 'D06', '04', 'R5_SR1_SL1_4', 'R4_SR3_SL13_4', 1),
(852, 'P001', 'D06', '04', 'R5_SR1_SL1_5', 'R4_SR3_SL13_5', 1),
(853, 'P001', 'D06', '04', 'R5_SR1_SL1_6', 'R4_SR3_SL13_6', 1),
(854, 'P001', 'D06', '04', 'R5_SR1_SL1_7', 'R4_SR3_SL13_7', 1);

-- --------------------------------------------------------

--
-- Table structure for table `tb_sirkit`
--

CREATE TABLE IF NOT EXISTS `tb_sirkit` (
  `id_sirkit` int(11) NOT NULL AUTO_INCREMENT,
  `id_per_detail` int(11) NOT NULL,
  `kondisi` enum('rusak','normal') NOT NULL,
  `id_linka` int(11) NOT NULL,
  `id_linkb` int(11) NOT NULL,
  `id_user` int(11) NOT NULL,
  `st_a` varchar(50) NOT NULL,
  `st_b` varchar(50) NOT NULL,
  `tc` varchar(50) NOT NULL,
  `ddf_tc` varchar(50) NOT NULL,
  `ddf_user` varchar(50) NOT NULL,
  `tid` varchar(50) NOT NULL,
  `diu` varchar(50) NOT NULL,
  `tie_line` varchar(50) NOT NULL,
  `keterangan` text NOT NULL,
  `tgl_update` datetime NOT NULL,
  PRIMARY KEY (`id_sirkit`),
  KEY `id_linkB` (`id_linkb`),
  KEY `id_linkA` (`id_linka`),
  KEY `id_user` (`id_user`),
  KEY `id_user_2` (`id_user`),
  KEY `id_linkA_2` (`id_linka`),
  KEY `id_per_detail` (`id_per_detail`)
) ENGINE=InnoDB  DEFAULT CHARSET=latin1 AUTO_INCREMENT=887 ;

--
-- Dumping data for table `tb_sirkit`
--

INSERT INTO `tb_sirkit` (`id_sirkit`, `id_per_detail`, `kondisi`, `id_linka`, `id_linkb`, `id_user`, `st_a`, `st_b`, `tc`, `ddf_tc`, `ddf_user`, `tid`, `diu`, `tie_line`, `keterangan`, `tgl_update`) VALUES
(1, 1, 'rusak', 10, 46, 9, '', '', 'ADX 4', '', 'B08_06_4', '', '16-25-3', '', '', '2015-03-01 00:03:51'),
(2, 2, 'rusak', 10, 46, 9, '', '', 'ADX 4', '', 'B08_06_5', '', '16-26-1', '', '', '2015-03-01 00:03:51'),
(3, 3, 'rusak', 10, 46, 9, '', '', 'ADX 5', '', 'B07_03_15', '', '17-07-2', '', '', '2015-03-01 00:03:51'),
(4, 4, 'rusak', 10, 46, 9, '', '', 'ADX 6', '', 'B13_04_20', '', '18-04-2', '', '', '2015-03-01 00:03:51'),
(5, 5, 'rusak', 10, 46, 9, '', '', '', '', '', '  ', '28-32-0', '', 'D5/5-10', '2015-03-01 00:03:51'),
(6, 6, 'rusak', 10, 46, 9, '', '', 'ADX 7', '', 'B13_02_5', '', '19-13-2', '', '', '2015-03-01 00:03:51'),
(7, 7, 'rusak', 10, 46, 9, '', '', 'ADX 8', '', 'B12_06_6', '', '26-10-2', '', '', '2015-03-01 00:03:51'),
(8, 8, 'rusak', 10, 46, 9, '', '', 'ADX 9', '', 'B12_03_14', '', '27-07-1', '', '', '2015-03-01 00:03:52'),
(9, 9, 'rusak', 10, 46, 9, '', '', 'ADX 7', '', 'B12_03_15', '', '27-07-2', '', '', '2015-03-01 00:03:52'),
(10, 10, 'rusak', 21, 46, 1, '', '', '', '', '', '', '', '', '', '2015-03-01 00:03:52'),
(11, 11, 'rusak', 21, 46, 1, '', '', '', '', '', '', '', '', '', '2015-03-01 00:03:52'),
(12, 12, 'rusak', 21, 46, 1, '', '', '', '', '', '', '', '', '', '2015-03-01 00:03:52'),
(13, 13, 'rusak', 21, 46, 11, '', '', '', '', '14Q_5_22', '', '', '', '', '2015-03-01 00:03:52'),
(14, 14, 'rusak', 21, 46, 1, '', '', '', '', '', '', '', '', '', '2015-03-01 00:03:52'),
(15, 15, 'rusak', 6, 46, 15, '', '', '', 'C05_11_06', 'CSM 1_6', '', '', '', '', '2015-03-01 00:03:52'),
(16, 16, 'rusak', 6, 46, 1, '', '', '', '', '11V6_1', '', '', '', '', '2015-03-01 00:03:52'),
(17, 17, 'rusak', 6, 46, 11, '', '', '', '', '14P_49', '', '', '', '', '2015-03-01 00:03:52'),
(18, 18, 'rusak', 6, 46, 11, '', '', '', '', '14P_48', '', '', '', '', '2015-03-01 00:03:52'),
(19, 19, 'rusak', 44, 26, 8, '', '', 'ZTE', 'E06_05_05', '', '', '', '', '', '2015-03-01 00:03:52'),
(20, 20, 'rusak', 6, 46, 11, '', '', '', '', '14Q5_24', '', '', '', '', '2015-03-01 00:03:53'),
(21, 21, 'rusak', 6, 46, 1, '', '', '', '', '', '', '', '', '', '2015-03-01 00:03:53'),
(22, 22, 'rusak', 6, 46, 30, '', '', '', '', '14Q6_1', '', '', '', '', '2015-03-01 00:03:53'),
(23, 23, 'rusak', 6, 46, 11, '', '', '', '', '', '', '', '', '', '2015-03-01 00:03:53'),
(24, 24, 'rusak', 6, 46, 11, '', '', '', '', '11V6_17', '', '', '', '', '2015-03-01 00:03:53'),
(25, 25, 'rusak', 6, 46, 11, '', '', '', '', '11V6_18', '', '', '', '', '2015-03-01 00:03:53'),
(26, 26, 'rusak', 6, 46, 2, '', '', '', '', 'B11_9_6', '', '', '', '', '2015-03-01 00:03:53'),
(27, 27, 'rusak', 21, 46, 1, '', '', '', '', '', '', '', '', '', '2015-03-01 00:03:53'),
(28, 28, 'rusak', 21, 46, 1, '', '', '', '', '', '', '', '', '', '2015-03-01 00:03:53'),
(29, 29, 'rusak', 21, 46, 1, '', '', '', '', '', '', '', '', '', '2015-03-01 00:03:53'),
(30, 30, 'rusak', 6, 46, 11, '', '', '', '', '15 O_254', '', '', '', '', '2015-03-01 00:03:53'),
(31, 31, 'rusak', 6, 46, 11, '', '', '', '', '15 O_255', '', '', '', '', '2015-03-01 00:03:53'),
(32, 32, 'rusak', 6, 46, 11, '', '', '', '', '15 O_203', '', '', '', '', '2015-03-01 00:03:53'),
(33, 33, 'rusak', 6, 46, 11, '', '', '', '', '15 O_204', '', '', '', '', '2015-03-01 00:03:54'),
(34, 34, 'rusak', 6, 47, 11, '', '', '', '', '15 O_241', '', '', '', '', '2015-03-01 00:03:54'),
(35, 35, 'rusak', 6, 47, 11, '', '', '', '', '15 O_206', '', '', '', '', '2015-03-01 00:03:54'),
(36, 36, 'rusak', 6, 47, 11, '', '', '', '', '15 O_207', '', '', '', '', '2015-03-01 00:03:54'),
(37, 37, 'rusak', 6, 47, 11, '', '', '', '', '15 O_239', '', '', '', '', '2015-03-01 00:03:54'),
(38, 38, 'rusak', 21, 46, 1, '', '', '', '', '', '', '', '', '', '2015-03-01 00:03:54'),
(39, 39, 'rusak', 6, 46, 1, '', '', '', '', '', '', '', '', '', '2015-03-01 00:03:54'),
(40, 40, 'rusak', 6, 46, 1, '', '', '', '', '', '', '', '', '', '2015-03-01 00:03:54'),
(41, 41, 'rusak', 6, 46, 1, '', '', '', '', '', '', '', '', '', '2015-03-01 00:03:54'),
(42, 42, 'rusak', 6, 46, 1, '', '', '', '', '', '', '', '', '', '2015-03-01 00:03:54'),
(43, 43, 'rusak', 17, 46, 1, '', '', '', '', '', '', '', '', '', '2015-03-01 00:03:54'),
(44, 44, 'rusak', 17, 46, 1, '', '', '', '', '', '', '', '', '', '2015-03-01 00:03:54'),
(45, 45, 'rusak', 17, 46, 1, '', '', '', '', '', '', '', '', '', '2015-03-01 00:03:54'),
(46, 46, 'rusak', 6, 46, 22, '', '', '', '', 'MODEM NMS NEC', 'SDH KE TENOS', '', '', '', '2015-03-01 00:03:54'),
(47, 47, 'rusak', 6, 46, 1, '', '', '', '', '', '', '', '', '', '2015-03-01 00:03:55'),
(48, 48, 'rusak', 6, 46, 1, '', '', '', '', '', '', '', '', '', '2015-03-01 00:03:55'),
(49, 49, 'rusak', 6, 46, 3, '', '', '', 'B06_08_07', '', '', '', '', '', '2015-03-01 00:03:55'),
(50, 50, 'rusak', 6, 46, 3, '', '', '', 'J07_08_08', '', '', '', '', '', '2015-03-01 00:03:55'),
(51, 51, 'rusak', 6, 46, 3, '', '', '', 'J07_08_07', '', '', '', '', '', '2015-03-01 00:03:55'),
(52, 52, 'rusak', 6, 46, 1, '', '', '', 'J07_08_09', '', '', '', '', '', '2015-03-01 00:03:55'),
(53, 53, 'rusak', 6, 46, 1, '', '', '', 'J07_08_10', '', '', '', '', '', '2015-03-01 00:03:55'),
(54, 54, 'rusak', 6, 46, 1, '', '', '', 'J07_08_11', '', '', '', '', '', '2015-03-01 00:03:55'),
(55, 55, 'rusak', 6, 46, 3, '', '', '', 'J07_08_12', '', '', '', '', '', '2015-03-01 00:03:55'),
(56, 56, 'rusak', 6, 46, 3, '', '', '', 'J07_08_14', '', '', '', '', '', '2015-03-01 00:03:55'),
(57, 57, 'rusak', 21, 46, 1, '', '', '', '', '', '', '', '', '', '2015-03-01 00:03:56'),
(58, 58, 'rusak', 21, 46, 1, '', '', '', '', '', '', '', '', '', '2015-03-01 00:03:56'),
(59, 59, 'rusak', 21, 46, 1, '', '', '', '', '', '', '', '', '', '2015-03-01 00:03:56'),
(60, 60, 'rusak', 21, 46, 1, '', '', '', '', '', '', '', '', '', '2015-03-01 00:03:56'),
(61, 61, 'rusak', 21, 46, 1, '', '', '', '', '', '', '', '', '', '2015-03-01 00:03:56'),
(62, 62, 'rusak', 21, 46, 1, '', '', '', '', '', '', '', '', '', '2015-03-01 00:03:56'),
(63, 63, 'rusak', 21, 46, 1, '', '', '', '', '', '', '', '', '', '2015-03-01 00:03:56'),
(64, 64, 'rusak', 6, 46, 12, '', '', '', '', '', 'NGN', '1204_8', '', 'FLEXI', '2015-03-01 00:03:56'),
(65, 65, 'rusak', 6, 46, 12, '', '', '', '', 'A14_06_10', 'NGN', '1214_2', '', 'FLEXI', '2015-03-01 00:03:56'),
(66, 66, 'rusak', 6, 46, 1, '', '', '', '', '', '', '', '', '', '2015-03-01 00:03:56'),
(67, 67, 'rusak', 21, 46, 1, '', '', '', '', '', '', '', '', '', '2015-03-01 00:03:56'),
(68, 68, 'rusak', 6, 46, 1, '', '', '', '', '', '', '', '', '', '2015-03-01 00:03:56'),
(69, 69, 'rusak', 6, 46, 1, '', '', '', '', '', '', '', '', '', '2015-03-01 00:03:56'),
(70, 70, 'rusak', 6, 46, 1, '', '', '', '', '', '', '', '', '', '2015-03-01 00:03:57'),
(71, 71, 'rusak', 6, 46, 1, '', '', '', '', '', '', '', '', '', '2015-03-01 00:03:57'),
(72, 72, 'rusak', 6, 46, 1, '', '', '', '', '', '', '', '', '', '2015-03-01 00:03:57'),
(73, 73, 'rusak', 6, 46, 1, '', '', '', '', '', '', '', '', '', '2015-03-01 00:03:57'),
(74, 74, 'rusak', 6, 46, 1, '', '', '', '', '', '', '', '', '', '2015-03-01 00:03:57'),
(75, 75, 'rusak', 6, 46, 1, '', '', '', '', '', '', '', '', '', '2015-03-01 00:03:57'),
(76, 76, 'rusak', 6, 46, 1, '', '', '', '', '', '', '', '', '', '2015-03-01 00:03:57'),
(77, 77, 'rusak', 6, 46, 1, '', '', '', '', '', '', '', '', '', '2015-03-01 00:03:57'),
(78, 78, 'rusak', 21, 46, 1, '', '', '', '', '', '', '', '', '', '2015-03-01 00:03:57'),
(79, 79, 'rusak', 21, 46, 1, '', '', '', '', '', '', '', '', '', '2015-03-01 00:03:57'),
(80, 80, 'rusak', 21, 46, 1, '', '', '', '', '', '', '', '', '', '2015-03-01 00:03:57'),
(81, 81, 'rusak', 21, 46, 1, '', '', '', '', '', '', '', '', '', '2015-03-01 00:03:57'),
(82, 82, 'rusak', 21, 46, 1, '', '', '', '', '', '', '', '', '', '2015-03-01 00:03:57'),
(83, 83, 'rusak', 21, 46, 1, '', '', '', '', '', '', '', '', '', '2015-03-01 00:03:57'),
(84, 84, 'rusak', 21, 46, 1, '', '', '', '', '', '', '', '', '', '2015-03-01 00:03:58'),
(85, 85, 'rusak', 21, 46, 1, '', '', '', '', '', '', '', '', '', '2015-03-01 00:03:58'),
(86, 86, 'rusak', 21, 46, 1, '', '', '', '', '', '', '', '', '', '2015-03-01 00:03:58'),
(87, 87, 'rusak', 21, 46, 1, '', '', '', '', '', '', '', '', '', '2015-03-01 00:03:58'),
(88, 88, 'rusak', 21, 46, 1, '', '', '', '', '', '', '', '', '', '2015-03-01 00:03:58'),
(89, 89, 'rusak', 21, 46, 1, '', '', '', '', '', '', '', '', '', '2015-03-01 00:03:58'),
(90, 90, 'rusak', 21, 46, 1, '', '', '', '', '', '', '', '', '', '2015-03-01 00:03:58'),
(91, 91, 'rusak', 21, 46, 1, '', '', '', '', '', '', '', '', '', '2015-03-01 00:03:58'),
(92, 92, 'rusak', 21, 46, 1, '', '', '', '', '', '', '', '', '', '2015-03-01 00:03:58'),
(93, 93, 'rusak', 21, 46, 1, '', '', '', '', '', '', '', '', '', '2015-03-01 00:03:58'),
(94, 94, 'rusak', 21, 46, 1, '', '', '', '', '', '', '', '', '', '2015-03-01 00:03:58'),
(95, 95, 'rusak', 21, 46, 1, '', '', '', '', '', '', '', '', '', '2015-03-01 00:03:58'),
(96, 96, 'rusak', 21, 46, 1, '', '', '', '', '', '', '', '', '', '2015-03-01 00:03:58'),
(97, 97, 'rusak', 21, 46, 1, '', '', '', '', '', '', '', '', '', '2015-03-01 00:03:58'),
(98, 98, 'rusak', 21, 46, 1, '', '', '', '', '', '', '', '', '', '2015-03-01 00:03:59'),
(99, 99, 'rusak', 21, 46, 1, '', '', '', '', '', '', '', '', '', '2015-03-01 00:03:59'),
(100, 100, 'rusak', 21, 46, 1, '', '', '', '', '', '', '', '', '', '2015-03-01 00:03:59'),
(101, 101, 'rusak', 21, 46, 1, '', '', '', '', '', '', '', '', '', '2015-03-01 00:03:59'),
(102, 102, 'rusak', 21, 46, 1, '', '', '', '', '', '', '', '', '', '2015-03-01 00:03:59'),
(103, 103, 'rusak', 21, 46, 1, '', '', '', '', '', '', '', '', '', '2015-03-01 00:03:59'),
(104, 104, 'rusak', 21, 46, 1, '', '', '', '', '', '', '', '', '', '2015-03-01 00:03:59'),
(105, 105, 'rusak', 21, 46, 1, '', '', '', '', '', '', '', '', '', '2015-03-01 00:03:59'),
(106, 106, 'rusak', 21, 46, 1, '', '', '', '', '', '', '', '', '', '2015-03-01 00:03:59'),
(107, 107, 'rusak', 21, 46, 1, '', '', '', '', '', '', '', '', '', '2015-03-01 00:03:59'),
(108, 108, 'rusak', 21, 46, 1, '', '', '', '', '', '', '', '', '', '2015-03-01 00:03:59'),
(109, 109, 'rusak', 21, 46, 1, '', '', '', '', '', '', '', '', '', '2015-03-01 00:03:59'),
(110, 110, 'rusak', 21, 46, 1, '', '', '', '', '', '', '', '', '', '2015-03-01 00:03:59'),
(111, 111, 'rusak', 21, 46, 1, '', '', '', '', '', '', '', '', '', '2015-03-01 00:04:00'),
(112, 112, 'rusak', 21, 46, 1, '', '', '', '', '', '', '', '', '', '2015-03-01 00:04:00'),
(113, 113, 'rusak', 21, 46, 1, '', '', '', '', '', '', '', '', '', '2015-03-01 00:04:00'),
(114, 114, 'rusak', 21, 46, 1, '', '', '', '', '', '', '', '', '', '2015-03-01 00:04:00'),
(115, 115, 'rusak', 21, 46, 1, '', '', '', '', '', '', '', '', '', '2015-03-01 00:04:00'),
(116, 116, 'rusak', 21, 46, 1, '', '', '', '', '', '', '', '', '', '2015-03-01 00:04:00'),
(117, 117, 'rusak', 21, 46, 1, '', '', '', '', '', '', '', '', '', '2015-03-01 00:04:00'),
(118, 118, 'rusak', 21, 46, 1, '', '', '', '', '', '', '', '', '', '2015-03-01 00:04:00'),
(119, 119, 'rusak', 21, 46, 1, '', '', '', '', '', '', '', '', '', '2015-03-01 00:04:00'),
(120, 120, 'rusak', 21, 46, 1, '', '', '', '', '', '', '', '', '', '2015-03-01 00:04:00'),
(121, 121, 'rusak', 21, 46, 1, '', '', '', '', '', '', '', '', '', '2015-03-01 00:04:00'),
(122, 122, 'rusak', 21, 46, 1, '', '', '', '', '', '', '', '', '', '2015-03-01 00:04:00'),
(123, 123, 'rusak', 21, 46, 1, '', '', '', '', '', '', '', '', '', '2015-03-01 00:04:00'),
(124, 124, 'rusak', 21, 46, 1, '', '', '', '', '', '', '', '', '', '2015-03-01 00:04:00'),
(125, 125, 'rusak', 21, 46, 1, '', '', '', '', '', '', '', '', '', '2015-03-01 00:04:01'),
(126, 126, 'rusak', 21, 46, 1, '', '', '', '', '', '', '', '', '', '2015-03-01 00:04:01'),
(127, 127, 'rusak', 21, 46, 1, '', '', '', '', '', '', '', '', '', '2015-03-01 00:04:01'),
(128, 128, 'rusak', 21, 46, 1, '', '', '', '', '', '', '', '', '', '2015-03-01 00:04:01'),
(129, 129, 'rusak', 21, 46, 1, '', '', '', '', '', '', '', '', '', '2015-03-01 00:04:01'),
(130, 130, 'rusak', 21, 46, 1, '', '', '', '', '', '', '', '', '', '2015-03-01 00:04:01'),
(131, 131, 'rusak', 21, 46, 1, '', '', '', '', '', '', '', '', '', '2015-03-01 00:04:01'),
(132, 132, 'rusak', 21, 46, 1, '', '', '', '', '', '', '', '', '', '2015-03-01 00:04:01'),
(133, 133, 'rusak', 21, 46, 1, '', '', '', '', '', '', '', '', '', '2015-03-01 00:04:01'),
(134, 134, 'rusak', 21, 46, 1, '', '', '', '', '', '', '', '', '', '2015-03-01 00:04:01'),
(135, 135, 'rusak', 21, 46, 1, '', '', '', '', '', '', '', '', '', '2015-03-01 00:04:01'),
(136, 136, 'rusak', 21, 46, 1, '', '', '', '', '', '', '', '', '', '2015-03-01 00:04:01'),
(137, 137, 'rusak', 21, 46, 1, '', '', '', '', '', '', '', '', '', '2015-03-01 00:04:02'),
(138, 138, 'rusak', 21, 46, 1, '', '', '', '', '', '', '', '', '', '2015-03-01 00:04:02'),
(139, 139, 'rusak', 21, 46, 1, '', '', '', '', '', '', '', '', '', '2015-03-01 00:04:02'),
(140, 140, 'rusak', 21, 46, 1, '', '', '', '', '', '', '', '', '', '2015-03-01 00:04:02'),
(141, 141, 'rusak', 21, 46, 1, '', '', '', '', '', '', '', '', '', '2015-03-01 00:04:02'),
(142, 142, 'rusak', 21, 46, 1, '', '', '', '', '', '', '', '', '', '2015-03-01 00:04:02'),
(143, 143, 'rusak', 21, 46, 1, '', '', '', '', '', '', '', '', '', '2015-03-01 00:04:02'),
(144, 144, 'rusak', 21, 46, 1, '', '', '', '', '', '', '', '', '', '2015-03-01 00:04:02'),
(145, 145, 'rusak', 21, 46, 1, '', '', '', '', '', '', '', '', '', '2015-03-01 00:04:02'),
(146, 146, 'rusak', 21, 46, 1, '', '', '', '', '', '', '', '', '', '2015-03-01 00:04:02'),
(147, 147, 'rusak', 21, 46, 1, '', '', '', '', '', '', '', '', '', '2015-03-01 00:04:02'),
(148, 148, 'rusak', 21, 46, 1, '', '', '', '', '', '', '', '', '', '2015-03-01 00:04:02'),
(149, 149, 'rusak', 21, 46, 1, '', '', '', '', '', '', '', '', '', '2015-03-01 00:04:02'),
(150, 150, 'rusak', 21, 46, 1, '', '', '', '', '', '', '', '', '', '2015-03-01 00:04:02'),
(151, 151, 'rusak', 21, 46, 1, '', '', '', '', '', '', '', '', '', '2015-03-01 00:04:03'),
(152, 152, 'rusak', 21, 46, 1, '', '', '', '', '', '', '', '', '', '2015-03-01 00:04:03'),
(153, 153, 'rusak', 21, 46, 1, '', '', '', '', '', '', '', '', '', '2015-03-01 00:04:03'),
(154, 154, 'rusak', 21, 46, 1, '', '', '', '', '', '', '', '', '', '2015-03-01 00:04:03'),
(155, 155, 'rusak', 21, 46, 1, '', '', '', '', '', '', '', '', '', '2015-03-01 00:04:03'),
(156, 156, 'rusak', 21, 46, 1, '', '', '', '', '', '', '', '', '', '2015-03-01 00:04:03'),
(157, 157, 'rusak', 21, 46, 1, '', '', '', '', '', '', '', '', '', '2015-03-01 00:04:03'),
(158, 158, 'rusak', 21, 46, 1, '', '', '', '', '', '', '', '', '', '2015-03-01 00:04:03'),
(159, 159, 'rusak', 21, 46, 1, '', '', '', '', '', '', '', '', '', '2015-03-01 00:04:03'),
(160, 160, 'rusak', 21, 46, 1, '', '', '', '', '', '', '', '', '', '2015-03-01 00:04:03'),
(161, 161, 'rusak', 21, 46, 1, '', '', '', '', '', '', '', '', '', '2015-03-01 00:04:03'),
(162, 162, 'rusak', 21, 46, 1, '', '', '', '', '', '', '', '', '', '2015-03-01 00:04:03'),
(163, 163, 'rusak', 21, 46, 1, '', '', '', '', '', '', '', '', '', '2015-03-01 00:04:03'),
(164, 164, 'rusak', 21, 46, 1, '', '', '', '', '', '', '', '', '', '2015-03-01 00:04:04'),
(165, 165, 'rusak', 21, 46, 1, '', '', '', '', '', '', '', '', '', '2015-03-01 00:04:04'),
(166, 166, 'rusak', 21, 46, 1, '', '', '', '', '', '', '', '', '', '2015-03-01 00:04:04'),
(167, 167, 'rusak', 21, 46, 1, '', '', '', '', '', '', '', '', '', '2015-03-01 00:04:04'),
(168, 168, 'rusak', 21, 46, 1, '', '', '', '', '', '', '', '', '', '2015-03-01 00:04:04'),
(169, 169, 'rusak', 27, 46, 8, '', '', 'R2_SR2_SL13_01', 'J03_10_01', '', '', '', '', '', '2015-03-01 00:04:04'),
(170, 170, 'rusak', 27, 46, 8, '', '', 'R2_SR2_SL13_02', 'J03_10_02', '', '', '', '', '', '2015-03-01 00:04:04'),
(171, 171, 'rusak', 27, 46, 8, '', '', 'R2_SR2_SL13_03', 'J03_10_03', '', '', '', '', '', '2015-03-01 00:04:04'),
(172, 172, 'rusak', 27, 46, 8, '', '', 'R2_SR2_SL13_04', 'J03_10_04', '', '', '', '', '', '2015-03-01 00:04:04'),
(173, 173, 'rusak', 45, 48, 1, '', '', '', '', '', '', '', '', '', '2015-03-01 00:04:04'),
(174, 174, 'rusak', 45, 48, 1, '', '', '', '', '', '', '1304_1', '', 'FLEXI', '2015-03-01 00:04:04'),
(175, 175, 'rusak', 45, 48, 12, '', '', '', '', 'A14_06_07', 'NGN', '1303_3', '', 'FLEXI', '2015-03-01 00:04:04'),
(176, 176, 'rusak', 45, 48, 12, '', '', '', '', 'A14_06_08', 'NGN', '1301_5', '', 'FLEXI', '2015-03-01 00:04:04'),
(177, 177, 'rusak', 45, 48, 12, '', '', '', '', 'A14_06_09', 'NGN', '1213_2', '', 'FLEXI', '2015-03-01 00:04:04'),
(178, 178, 'rusak', 45, 48, 1, '', '', '', '', '', '', '', '', '', '2015-03-01 00:04:04'),
(179, 179, 'rusak', 21, 46, 1, '', '', '', '', '', '', '', '', '', '2015-03-01 00:04:05'),
(180, 180, 'rusak', 21, 46, 1, '', '', '', '', '', '', '', '', '', '2015-03-01 00:04:05'),
(181, 181, 'rusak', 21, 15, 1, '', '', '', '', '', '', '', '', '', '2015-03-01 00:04:05'),
(182, 182, 'rusak', 21, 15, 1, '', '', '', '', '', '', '', '', '', '2015-03-01 00:04:05'),
(183, 183, 'rusak', 21, 15, 1, '', '', '', '', '', '', '', '', '', '2015-03-01 00:04:05'),
(184, 184, 'rusak', 45, 48, 1, '', '', '', '', '', '', '', '', '', '2015-03-01 00:04:05'),
(185, 185, 'rusak', 21, 15, 1, '', '', '', '', '', '', '', '', '', '2015-03-01 00:04:05'),
(186, 186, 'rusak', 21, 15, 1, '', '', '', '', '', '', '', '', '', '2015-03-01 00:04:05'),
(187, 187, 'rusak', 23, 46, 8, '', '', 'ZTE', 'E06_05_02', '', '', '', '', '', '2015-03-01 00:04:05'),
(188, 188, 'rusak', 23, 46, 8, '', '', 'NE36_3_3', 'A01_06_03', '', '', '', '', '', '2015-03-01 00:04:05'),
(189, 189, 'rusak', 41, 46, 1, '', '', '', '', '', '', '', '', '', '2015-03-01 00:04:05'),
(190, 190, 'rusak', 21, 46, 1, '', '', '', '', '', '', '', '', '', '2015-03-01 00:04:05'),
(191, 191, 'rusak', 21, 46, 1, '', '', '', '', '', '', '', '', '', '2015-03-01 00:04:05'),
(192, 192, 'rusak', 21, 46, 1, '', '', '', '', '', '', '', '', '', '2015-03-01 00:04:06'),
(193, 193, 'rusak', 21, 46, 1, '', '', '', '', '', '', '', '', '', '2015-03-01 00:04:06'),
(194, 194, 'rusak', 21, 46, 1, '', '', '', '', '', '', '', '', '', '2015-03-01 00:04:06'),
(195, 195, 'rusak', 21, 46, 1, '', '', '', '', '', '', '', '', '', '2015-03-01 00:04:06'),
(196, 196, 'rusak', 21, 46, 1, '', '', '', '', '', '', '', '', '', '2015-03-01 00:04:06'),
(197, 197, 'rusak', 21, 46, 1, '', '', '', '', '', '', '', '', '', '2015-03-01 00:04:06'),
(198, 198, 'rusak', 21, 46, 1, '', '', '', '', '', '', '', '', '', '2015-03-01 00:04:06'),
(199, 199, 'rusak', 21, 46, 1, '', '', '', '', '', '', '', '', '', '2015-03-01 00:04:06'),
(200, 200, 'rusak', 21, 46, 1, '', '', '', '', '', '', '', '', '', '2015-03-01 00:04:06'),
(201, 201, 'rusak', 21, 46, 1, '', '', '', '', '', '', '', '', '', '2015-03-01 00:04:06'),
(202, 202, 'rusak', 21, 46, 1, '', '', '', '', '', '', '', '', '', '2015-03-01 00:04:06'),
(203, 203, 'rusak', 21, 46, 1, '', '', '', '', '', '', '', '', '', '2015-03-01 00:04:06'),
(204, 204, 'rusak', 21, 46, 1, '', '', '', '', '', '', '', '', '', '2015-03-01 00:04:06'),
(205, 205, 'rusak', 21, 46, 1, '', '', '', '', '', '', '', '', '', '2015-03-01 00:04:06'),
(206, 206, 'rusak', 21, 46, 1, '', '', '', '', '', '', '', '', '', '2015-03-01 00:04:07'),
(207, 207, 'rusak', 21, 46, 1, '', '', '', '', '', '', '', '', '', '2015-03-01 00:04:07'),
(208, 208, 'rusak', 21, 46, 1, '', '', '', '', '', '', '', '', '', '2015-03-01 00:04:07'),
(209, 209, 'rusak', 21, 46, 1, '', '', '', '', '', '', '', '', '', '2015-03-01 00:04:07'),
(210, 210, 'rusak', 21, 46, 1, '', '', '', '', '', '', '', '', '', '2015-03-01 00:04:07'),
(211, 211, 'rusak', 21, 46, 21, '', '', '', '', '', '', 'NC', '', '', '2015-03-01 00:04:07'),
(212, 212, 'rusak', 21, 46, 21, '', '', '', '', '', '', 'NC', '', '', '2015-03-01 00:04:07'),
(213, 213, 'rusak', 21, 46, 21, '', '', '', '', '', '', 'NC', '', '', '2015-03-01 00:04:07'),
(214, 214, 'rusak', 21, 46, 21, '', '', '', '', '', '', 'NC', '', '', '2015-03-01 00:04:07'),
(215, 215, 'rusak', 21, 46, 21, '', '', '', '', '', '', 'NC', '', '', '2015-03-01 00:04:07'),
(216, 216, 'rusak', 21, 46, 21, '', '', '', '', '', '', 'NC', '', '', '2015-03-01 00:04:07'),
(217, 217, 'rusak', 21, 46, 21, '', '', '', '', '', '', 'NC', '', '', '2015-03-01 00:04:07'),
(218, 218, 'rusak', 21, 46, 21, '', '', '', '', '', '', 'NC', '', '', '2015-03-01 00:04:07'),
(219, 219, 'rusak', 21, 46, 21, '', '', '', '', '', '', 'NC', '', '', '2015-03-01 00:04:07'),
(220, 220, 'rusak', 21, 46, 21, '', '', '', '', '', '', 'NC', '', '', '2015-03-01 00:04:08'),
(221, 221, 'rusak', 21, 46, 21, '', '', '', '', '', '', 'NC', '', '', '2015-03-01 00:04:08'),
(222, 222, 'rusak', 21, 46, 21, '', '', '', '', '', '', 'NC', '', '', '2015-03-01 00:04:08'),
(223, 223, 'rusak', 21, 46, 21, '', '', '', '', '', '', 'NC', '', '', '2015-03-01 00:04:08'),
(224, 224, 'rusak', 21, 46, 21, '', '', '', '', '', '', 'NC', '', '', '2015-03-01 00:04:08'),
(225, 225, 'rusak', 21, 46, 21, '', '', '', '', '', '', 'NC', '', '', '2015-03-01 00:04:08'),
(226, 226, 'rusak', 21, 46, 21, '', '', '', '', '', '', 'NC', '', '', '2015-03-01 00:04:08'),
(227, 227, 'rusak', 21, 46, 21, '', '', '', '', '', '', 'NC', '', '', '2015-03-01 00:04:08'),
(228, 228, 'rusak', 21, 46, 21, '', '', '', '', '', '', 'NC', '', '', '2015-03-01 00:04:08'),
(229, 229, 'rusak', 21, 46, 21, '', '', '', '', '', '', 'NC', '', '', '2015-03-01 00:04:08'),
(230, 230, 'rusak', 21, 46, 21, '', '', '', '', '', '', 'NC', '', '', '2015-03-01 00:04:08'),
(231, 231, 'rusak', 21, 46, 21, '', '', '', '', '', '', 'NC', '', '', '2015-03-01 00:04:08'),
(232, 232, 'rusak', 21, 46, 21, '', '', '', '', '', '', 'NC', '', '', '2015-03-01 00:04:09'),
(233, 233, 'rusak', 21, 46, 21, '', '', '', '', '', '', 'NC', '', '', '2015-03-01 00:04:09'),
(234, 234, 'rusak', 21, 46, 21, '', '', '', '', '', '', 'NC', '', '', '2015-03-01 00:04:09'),
(235, 235, 'rusak', 21, 46, 21, '', '', '', '', '', '', 'NC', '', '', '2015-03-01 00:04:09'),
(236, 236, 'rusak', 21, 46, 21, '', '', '', '', '', '', 'NC', '', '', '2015-03-01 00:04:09'),
(237, 237, 'rusak', 21, 46, 21, '', '', '', '', '', '', 'NC', '', '', '2015-03-01 00:04:09'),
(238, 238, 'rusak', 21, 46, 21, '', '', '', '', '', '', 'NC', '', '', '2015-03-01 00:04:09'),
(239, 239, 'rusak', 21, 46, 21, '', '', '', '', '', '', 'NC', '', '', '2015-03-01 00:04:09'),
(240, 240, 'rusak', 21, 46, 21, '', '', '', '', '', '', 'NC', '', '', '2015-03-01 00:04:09'),
(241, 241, 'rusak', 21, 46, 21, '', '', '', '', '', '', 'NC', '', '', '2015-03-01 00:04:09'),
(242, 242, 'rusak', 21, 46, 21, '', '', '', '', '', '', 'NC', '', '', '2015-03-01 00:04:09'),
(243, 243, 'rusak', 21, 46, 21, '', '', '', '', '', '', 'NC', '', '', '2015-03-01 00:04:09'),
(244, 244, 'rusak', 21, 46, 21, '', '', '', '', '', '', 'NC', '', '', '2015-03-01 00:04:09'),
(245, 245, 'rusak', 21, 46, 21, '', '', '', '', '', '', 'NC', '', '', '2015-03-01 00:04:10'),
(246, 246, 'rusak', 21, 46, 21, '', '', '', '', '', '', 'NC', '', '', '2015-03-01 00:04:10'),
(247, 247, 'rusak', 21, 46, 21, '', '', '', '', '', '', 'NC', '', '', '2015-03-01 00:04:10'),
(248, 248, 'rusak', 21, 46, 21, '', '', '', '', '', '', 'NC', '', '', '2015-03-01 00:04:10'),
(249, 249, 'rusak', 21, 46, 21, '', '', '', '', '', '', 'NC', '', '', '2015-03-01 00:04:10'),
(250, 250, 'rusak', 21, 46, 21, '', '', '', '', '', '', 'NC', '', '', '2015-03-01 00:04:10'),
(251, 251, 'rusak', 21, 46, 21, '', '', '', '', '', '', 'NC', '', '', '2015-03-01 00:04:10'),
(252, 252, 'rusak', 21, 46, 21, '', '', '', '', '', '', 'NC', '', '', '2015-03-01 00:04:10'),
(253, 253, 'rusak', 21, 46, 21, '', '', '', '', '', '', '', '', '', '2015-03-01 00:04:10'),
(254, 254, 'rusak', 21, 46, 21, '', '', '', '', '', '', '', '', '', '2015-03-01 00:04:10'),
(255, 255, 'rusak', 21, 46, 21, '', '', '', '', '', '', '', '', '', '2015-03-01 00:04:10'),
(256, 256, 'rusak', 21, 46, 21, '', '', '', '', '', '', '', '', '', '2015-03-01 00:04:10'),
(257, 257, 'rusak', 21, 46, 21, '', '', '', '', '', '', '', '', '', '2015-03-01 00:04:11'),
(258, 258, 'rusak', 21, 46, 21, '', '', '', '', '', '', '', '', '', '2015-03-01 00:04:11'),
(259, 259, 'rusak', 21, 46, 21, '', '', '', '', '', '', '', '', '', '2015-03-01 00:04:11'),
(260, 260, 'rusak', 21, 46, 21, '', '', '', '', '', '', '', '', '', '2015-03-01 00:04:11'),
(261, 261, 'rusak', 21, 46, 21, '', '', '', '', '', '', '', '', '', '2015-03-01 00:04:11'),
(262, 262, 'rusak', 21, 46, 21, '', '', 'NO CONECTION', '', '', '', '', '', '', '2015-03-01 00:04:11'),
(263, 263, 'rusak', 21, 46, 21, '', '', '', '', '', '', '', '', '', '2015-03-01 00:04:11'),
(264, 264, 'rusak', 21, 46, 21, '', '', '', '', '', '', '', '', '', '2015-03-01 00:04:11'),
(265, 265, 'rusak', 21, 46, 21, '', '', '', '', '', '', '', '', '', '2015-03-01 00:04:11'),
(266, 266, 'rusak', 21, 46, 21, '', '', '', '', '', '', '', '', '', '2015-03-01 00:04:11'),
(267, 267, 'rusak', 21, 46, 21, '', '', '', '', '', '', '', '', '', '2015-03-01 00:04:11'),
(268, 268, 'rusak', 21, 46, 21, '', '', '', '', '', '', '', '', '', '2015-03-01 00:04:12'),
(269, 269, 'rusak', 21, 46, 21, '', '', '', '', '', '', '', '', '', '2015-03-01 00:04:12'),
(270, 270, 'rusak', 21, 46, 21, '', '', '', '', '', '', '', '', '', '2015-03-01 00:04:12'),
(271, 271, 'rusak', 21, 46, 21, '', '', '', '', '', '', '', '', '', '2015-03-01 00:04:12'),
(272, 272, 'rusak', 21, 46, 21, '', '', '', '', '', '', '', '', '', '2015-03-01 00:04:12'),
(273, 273, 'rusak', 21, 46, 21, '', '', '', '', '', '', '', '', '', '2015-03-01 00:04:12'),
(274, 274, 'rusak', 21, 49, 1, '', '', '', '', '', '', '', '', '', '2015-03-01 00:04:12'),
(275, 275, 'rusak', 21, 49, 1, '', '', '', '', '', '', '', '', '', '2015-03-01 00:04:12'),
(276, 276, 'rusak', 21, 49, 1, '', '', '', '', '', '', '', '', '', '2015-03-01 00:04:12'),
(277, 277, 'rusak', 21, 49, 1, '', '', '', '', '', '', '', '', '', '2015-03-01 00:04:12'),
(278, 278, 'rusak', 21, 49, 1, '', '', '', '', '', '', '', '', '', '2015-03-01 00:04:12'),
(279, 279, 'rusak', 21, 49, 1, '', '', '', '', '', '', '', '', '', '2015-03-01 00:04:12'),
(280, 280, 'rusak', 21, 49, 1, '', '', '', '', '', '', '', '', '', '2015-03-01 00:04:12'),
(281, 281, 'rusak', 21, 49, 1, '', '', '', '', '', '', '', '', '', '2015-03-01 00:04:12'),
(282, 282, 'rusak', 21, 49, 1, '', '', '', '', '', '', '', '', '', '2015-03-01 00:04:13'),
(283, 283, 'rusak', 21, 49, 1, '', '', '', '', '', '', '', '', '', '2015-03-01 00:04:13'),
(284, 284, 'rusak', 21, 49, 1, '', '', '', '', '', '', '', '', '', '2015-03-01 00:04:13'),
(285, 285, 'rusak', 21, 49, 1, '', '', '', '', '', '', '', '', '', '2015-03-01 00:04:13'),
(286, 286, 'rusak', 21, 49, 1, '', '', '', '', '', '', '', '', '', '2015-03-01 00:04:13'),
(287, 287, 'rusak', 21, 49, 1, '', '', '', '', '', '', '', '', '', '2015-03-01 00:04:13'),
(288, 288, 'rusak', 21, 49, 1, '', '', '', '', '', '', '', '', '', '2015-03-01 00:04:13'),
(289, 289, 'rusak', 21, 49, 1, '', '', '', '', '', '', '', '', '', '2015-03-01 00:04:13'),
(290, 290, 'rusak', 21, 49, 1, '', '', '', '', '', '', '', '', '', '2015-03-01 00:04:13'),
(291, 291, 'rusak', 21, 49, 1, '', '', '', '', '', '', '', '', '', '2015-03-01 00:04:13'),
(292, 292, 'rusak', 21, 49, 1, '', '', '', '', '', '', '', '', '', '2015-03-01 00:04:13'),
(293, 293, 'rusak', 21, 49, 1, '', '', '', '', '', '', '', '', '', '2015-03-01 00:04:13'),
(294, 294, 'rusak', 21, 49, 1, '', '', '', '', '', '', '', '', '', '2015-03-01 00:04:13'),
(295, 295, 'rusak', 21, 49, 1, '', '', '', '', '', '', '', '', '', '2015-03-01 00:04:13'),
(296, 296, 'rusak', 21, 49, 1, '', '', '', '', '', '', '', '', '', '2015-03-01 00:04:14'),
(297, 297, 'rusak', 21, 49, 1, '', '', '', '', '', '', '', '', '', '2015-03-01 00:04:14'),
(298, 298, 'rusak', 21, 49, 1, '', '', '', '', '', '', '', '', '', '2015-03-01 00:04:14'),
(299, 299, 'rusak', 21, 49, 1, '', '', '', '', '', '', '', '', '', '2015-03-01 00:04:14'),
(300, 300, 'rusak', 21, 49, 1, '', '', '', '', '', '', '', '', '', '2015-03-01 00:04:14'),
(301, 301, 'rusak', 21, 49, 1, '', '', '', '', '', '', '', '', '', '2015-03-01 00:04:14'),
(302, 302, 'rusak', 21, 49, 1, '', '', '', '', '', '', '', '', '', '2015-03-01 00:04:14'),
(303, 303, 'rusak', 21, 49, 1, '', '', '', '', '', '', '', '', '', '2015-03-01 00:04:14'),
(304, 304, 'rusak', 21, 49, 1, '', '', '', '', '', '', '', '', '', '2015-03-01 00:04:14'),
(305, 305, 'rusak', 21, 49, 1, '', '', '', '', '', '', '', '', '', '2015-03-01 00:04:14'),
(306, 306, 'rusak', 21, 49, 1, '', '', '', '', '', '', '', '', '', '2015-03-01 00:04:14'),
(307, 307, 'rusak', 21, 49, 1, '', '', '', '', '', '', '', '', '', '2015-03-01 00:04:14'),
(308, 308, 'rusak', 21, 49, 1, '', '', '', '', '', '', '', '', '', '2015-03-01 00:04:14'),
(309, 309, 'rusak', 21, 49, 1, '', '', '', '', '', '', '', '', '', '2015-03-01 00:04:14'),
(310, 310, 'rusak', 21, 49, 1, '', '', '', '', '', '', '', '', '', '2015-03-01 00:04:14'),
(311, 311, 'rusak', 21, 49, 1, '', '', '', '', '', '', '', '', '', '2015-03-01 00:04:15'),
(312, 312, 'rusak', 21, 49, 1, '', '', '', '', '', '', '', '', '', '2015-03-01 00:04:15'),
(313, 314, 'rusak', 21, 1, 31, '', '', '', '', '', '438DDFT_', 'no conect', '', '', '2014-02-23 00:38:58'),
(314, 315, 'rusak', 21, 1, 32, '', '', '', '', '', '', 'no conect', '', '', '2014-02-23 00:38:58'),
(315, 316, 'rusak', 21, 1, 33, '', '', '', '', '', '', 'no conect', '', '', '2014-02-23 00:38:58'),
(316, 317, 'rusak', 21, 1, 34, '', '', '', '', '', '', 'no conect', '', '', '2014-02-23 00:38:58'),
(317, 318, 'rusak', 21, 1, 35, '', '', '', '', '', '', 'no conect', '', '', '2014-02-23 00:38:58'),
(318, 319, 'rusak', 21, 1, 36, '', '', '', '', '', '', 'no conect', '', '', '2014-02-23 00:38:59'),
(319, 320, 'rusak', 21, 1, 37, '', '', '', '', '', '', 'no conect', '', '', '2014-02-23 00:38:59'),
(320, 321, 'rusak', 21, 1, 38, '', '', '', '', '', '', 'no conect', '', '', '2014-02-23 00:38:59'),
(321, 322, 'rusak', 21, 1, 39, '', '', '', '', '', '', 'no conect', '', '', '2014-02-23 00:38:59'),
(322, 323, 'rusak', 21, 1, 40, '', '', '', '', '', '', 'no conect', '', '', '2014-02-23 00:38:59'),
(323, 324, 'rusak', 21, 1, 41, '', '', '', '', '', '', 'no conect', '', '', '2014-02-23 00:38:59'),
(324, 325, 'rusak', 21, 1, 42, '', '', '', '', '', '', 'no conect', '', '', '2014-02-23 00:38:59'),
(325, 326, 'rusak', 21, 1, 43, '', '', '', '', '', '', 'no conect', '', '', '2014-02-23 00:38:59'),
(326, 327, 'rusak', 21, 1, 44, '', '', '', '', '', '', 'no conect', '', '', '2014-02-23 00:38:59'),
(327, 328, 'rusak', 21, 1, 45, '', '', '', '', '', '', 'no conect', '', '', '2014-02-23 00:39:00'),
(328, 329, 'rusak', 21, 1, 46, '', '', '', '', '', '', 'no conect', '', '', '2014-02-23 00:39:00'),
(329, 330, 'rusak', 21, 1, 47, '', '', '', '', '', '', 'no conect', '', '', '2014-02-23 00:39:00'),
(330, 331, 'rusak', 21, 1, 48, '', '', '', '', '', '', 'no conect', '', '', '2014-02-23 00:39:00'),
(331, 332, 'rusak', 21, 1, 49, '', '', '', '', '', '', 'no conect', '', '', '2014-02-23 00:39:00'),
(332, 333, 'rusak', 21, 1, 50, '', '', '', '', '', '', 'no conect', '', '', '2014-02-23 00:39:00'),
(333, 334, 'rusak', 21, 1, 51, '', '', '', '', '', '', 'no conect', '', '', '2014-02-23 00:39:00'),
(334, 335, 'rusak', 21, 1, 31, '', '', '', '', '', '438DDFT_', 'no conect', '', '', '2014-02-23 00:39:00'),
(335, 336, 'rusak', 21, 1, 32, '', '', '', '', '', '', 'no conect', '', '', '2014-02-23 00:39:01'),
(336, 337, 'rusak', 21, 1, 33, '', '', '', '', '', '', 'no conect', '', '', '2014-02-23 00:39:01'),
(337, 338, 'rusak', 21, 1, 34, '', '', '', '', '', '', 'no conect', '', '', '2014-02-23 00:39:01'),
(338, 339, 'rusak', 21, 1, 35, '', '', '', '', '', '', 'no conect', '', '', '2014-02-23 00:39:01'),
(339, 340, 'rusak', 21, 1, 36, '', '', '', '', '', '', 'no conect', '', '', '2014-02-23 00:39:01'),
(340, 341, 'rusak', 21, 1, 37, '', '', '', '', '', '', 'no conect', '', '', '2014-02-23 00:39:01'),
(341, 342, 'rusak', 21, 1, 38, '', '', '', '', '', '', 'no conect', '', '', '2014-02-23 00:39:01'),
(342, 343, 'rusak', 21, 1, 39, '', '', '', '', '', '', 'no conect', '', '', '2014-02-23 00:39:01'),
(343, 344, 'rusak', 21, 1, 40, '', '', '', '', '', '', 'no conect', '', '', '2014-02-23 00:39:01'),
(344, 345, 'rusak', 21, 1, 41, '', '', '', '', '', '', 'no conect', '', '', '2014-02-23 00:39:01'),
(345, 346, 'rusak', 21, 1, 42, '', '', '', '', '', '', 'no conect', '', '', '2014-02-23 00:39:01'),
(346, 347, 'rusak', 21, 1, 43, '', '', '', '', '', '', 'no conect', '', '', '2014-02-23 00:39:01'),
(347, 348, 'rusak', 21, 1, 44, '', '', '', '', '', '', 'no conect', '', '', '2014-02-23 00:39:01'),
(348, 349, 'rusak', 21, 1, 45, '', '', '', '', '', '', 'no conect', '', '', '2014-02-23 00:39:02'),
(349, 350, 'rusak', 21, 1, 46, '', '', '', '', '', '', 'no conect', '', '', '2014-02-23 00:39:02'),
(350, 351, 'rusak', 21, 1, 47, '', '', '', '', '', '', 'no conect', '', '', '2014-02-23 00:39:02'),
(351, 352, 'rusak', 21, 1, 48, '', '', '', '', '', '', 'no conect', '', '', '2014-02-23 00:39:02'),
(352, 353, 'rusak', 21, 1, 49, '', '', '', '', '', '', 'no conect', '', '', '2014-02-23 00:39:02'),
(353, 354, 'rusak', 21, 1, 50, '', '', '', '', '', '', 'no conect', '', '', '2014-02-23 00:39:02'),
(354, 355, 'rusak', 21, 1, 51, '', '', '', '', '', '', 'no conect', '', '', '2014-02-23 00:39:02'),
(355, 356, 'rusak', 21, 1, 31, '', '', '', '', '', 'F03_02_01', 'IDLE', '', '', '2014-02-23 00:39:02'),
(356, 357, 'rusak', 3, 1, 32, '', '', '', '', '', 'F03_02_02', 'NMS', '', '', '2014-02-23 00:39:02'),
(357, 358, 'rusak', 5, 15, 33, '', '', '', '', '', 'F03_02_03', 'NMS', '', 'K02_09_09', '2014-02-23 00:39:02'),
(358, 359, 'rusak', 5, 15, 34, '', '', '', '', '', 'F03_02_04', 'IDLE', '', '', '2014-02-23 00:39:02'),
(359, 360, 'rusak', 23, 1, 35, '', '', '', '', 'ZTE', 'F03_02_05', 'NMS', '', 'E05_11_03', '2014-02-23 00:39:03'),
(360, 361, 'rusak', 23, 1, 36, '', '', '', '', 'ZTE', 'F03_02_06', 'NMS', '', 'E05_06_16', '2014-02-23 00:39:03'),
(361, 362, 'rusak', 6, 1, 37, '', '', '', '', '', 'F03_02_07', 'IDLE', '', '', '2014-02-23 00:39:03'),
(362, 363, 'rusak', 6, 1, 38, '', '', '', '', '', 'F03_02_08', 'IDLE', '', '', '2014-02-23 00:39:03'),
(363, 364, 'rusak', 6, 1, 39, '', '', '', '', '', 'F03_02_09', 'IDLE', '', '', '2014-02-23 00:39:03'),
(364, 365, 'rusak', 6, 1, 40, '', '', '', '', '', 'F03_02_10', 'IDLE', '', '', '2014-02-23 00:39:03'),
(365, 366, 'rusak', 6, 1, 41, '', '', '', '', '', 'F03_02_11', 'NKCS', '', 'E05_07_02', '2014-02-23 00:39:03'),
(366, 367, 'rusak', 23, 1, 42, '', '', '', '', '', 'F03_02_12', 'NMS', '', '', '2014-02-23 00:39:03'),
(367, 368, 'rusak', 21, 1, 43, '', '', '', '', '', 'F03_02_13', 'NMS ZTE', '', '', '2014-02-23 00:39:03'),
(368, 369, 'rusak', 21, 1, 44, '', '', '', '', '', 'F03_02_14', 'IDLE', '', '', '2014-02-23 00:39:03'),
(369, 370, 'rusak', 21, 1, 45, '', '', '', '', '', 'F03_02_15', 'NMS SUB', '', '', '2014-02-23 00:39:03'),
(370, 371, 'rusak', 21, 1, 46, '', '', '', '', '', 'F03_02_16', 'NMS', '', '', '2014-02-23 00:39:03'),
(371, 372, 'rusak', 23, 1, 47, '', '', '', '', '', 'F03_02_17', 'NMS', '', 'E05_07_19', '2014-02-23 00:39:04'),
(372, 373, 'rusak', 23, 1, 48, '', '', '', '', '', 'F03_02_18', 'NMS', '', 'E05_07_13', '2014-02-23 00:39:04'),
(373, 374, 'rusak', 3, 1, 49, '', '', '', '', '', 'F03_02_19', 'NMS', '', 'K02_04_06', '2014-02-23 00:39:04'),
(374, 375, 'rusak', 23, 1, 50, '', '', '', '', '', 'F03_02_20', 'NMS', '', 'E05_03_17', '2014-02-23 00:39:04'),
(375, 376, 'rusak', 3, 1, 51, '', '', '', '', '', 'F03_02_21', 'NMS', '', 'J03_01_21', '2014-02-23 00:39:04'),
(376, 377, 'rusak', 21, 1, 31, '', '', '', '', '', 'F03_03_01', 'IDLE', '', '', '2014-02-23 00:39:04'),
(377, 378, 'rusak', 21, 1, 32, '', '', '', '', '', 'F03_03_02', 'IDLE', '', '', '2014-02-23 00:39:04'),
(378, 379, 'rusak', 21, 1, 33, '', '', '', '', '', 'F03_03_03', 'IDLE', '', '', '2014-02-23 00:39:04'),
(379, 380, 'rusak', 21, 1, 34, '', '', '', '', '', 'F03_03_04', 'IDLE', '', '', '2014-02-23 00:39:04'),
(380, 381, 'rusak', 21, 1, 35, '', '', '', '', '', 'F03_03_05', 'IDLE', '', '', '2014-02-23 00:39:04'),
(381, 382, 'rusak', 21, 1, 36, '', '', '', '', '', 'F03_03_06', 'IDLE', '', '', '2014-02-23 00:39:04'),
(382, 383, 'rusak', 21, 1, 37, '', '', '', '', '', 'F03_03_07', 'IDLE', '', '', '2014-02-23 00:39:05'),
(383, 384, 'rusak', 21, 1, 38, '', '', '', '', '', 'F03_03_08', 'IDLE', '', '', '2014-02-23 00:39:05'),
(384, 385, 'rusak', 21, 1, 39, '', '', '', '', '', 'F03_03_09', 'IDLE', '', '', '2014-02-23 00:39:05'),
(385, 386, 'rusak', 21, 1, 40, '', '', '', '', '', 'F03_03_10', 'IDLE', '', '', '2014-02-23 00:39:05'),
(386, 387, 'rusak', 21, 1, 41, '', '', '', '', '', 'F03_03_11', 'IDLE', '', '', '2014-02-23 00:39:05'),
(387, 388, 'rusak', 21, 1, 42, '', '', '', '', '', 'F03_03_12', 'IDLE', '', '', '2014-02-23 00:39:05'),
(388, 389, 'rusak', 21, 1, 43, '', '', '', '', '', 'F03_03_13', 'IDLE', '', '', '2014-02-23 00:39:05'),
(389, 390, 'rusak', 21, 1, 44, '', '', '', '', '', 'F03_03_14', 'IDLE', '', '', '2014-02-23 00:39:05'),
(390, 391, 'rusak', 21, 1, 45, '', '', '', '', '', 'F03_03_15', 'IDLE', '', '', '2014-02-23 00:39:05'),
(391, 392, 'rusak', 21, 1, 46, '', '', '', '', '', 'F03_03_16', 'IDLE', '', '', '2014-02-23 00:39:05'),
(392, 393, 'rusak', 21, 1, 47, '', '', '', '', '', 'F03_03_17', 'IDLE', '', '', '2014-02-23 00:39:05'),
(393, 394, 'rusak', 21, 1, 48, '', '', '', '', '', 'F03_03_18', 'IDLE', '', '', '2014-02-23 00:39:05'),
(394, 395, 'rusak', 21, 1, 49, '', '', '', '', '', 'F03_03_19', 'IDLE', '', '', '2014-02-23 00:39:06'),
(395, 396, 'rusak', 21, 1, 50, '', '', '', '', '', 'F03_03_20', 'IDLE', '', '', '2014-02-23 00:39:06'),
(396, 397, 'rusak', 21, 1, 51, '', '', '', '', '', 'F03_03_21', 'IDLE', '', '', '2014-02-23 00:39:06'),
(397, 398, 'rusak', 21, 1, 31, '', '', '', '', '', 'F03_04_01', 'IDLE', '', '', '2014-02-23 00:39:06'),
(398, 399, 'rusak', 21, 1, 32, '', '', '', '', '', 'F03_04_02', 'no conect', '', '', '2014-02-23 00:39:06'),
(399, 400, 'rusak', 21, 1, 33, '', '', '', '', '', 'F03_04_03', 'no conect', '', '', '2014-02-23 00:39:06'),
(400, 401, 'rusak', 21, 1, 34, '', '', '', '', '', 'F03_04_04', 'no conect', '', '', '2014-02-23 00:39:06'),
(401, 402, 'rusak', 21, 1, 35, '', '', '', '', '', 'F03_04_05', 'no conect', '', '', '2014-02-23 00:39:06'),
(402, 403, 'rusak', 21, 1, 36, '', '', '', '', '', 'F03_04_06', 'no conect', '', '', '2014-02-23 00:39:06'),
(403, 404, 'rusak', 21, 1, 37, '', '', '', '', '', 'F03_04_07', 'no conect', '', '', '2014-02-23 00:39:06'),
(404, 405, 'rusak', 21, 1, 38, '', '', '', '', '', 'F03_04_08', 'no conect', '', '', '2014-02-23 00:39:07'),
(405, 406, 'rusak', 21, 1, 39, '', '', '', '', '', 'F03_04_09', 'no conect', '', '', '2014-02-23 00:39:07'),
(406, 407, 'rusak', 21, 1, 40, '', '', '', '', '', 'F03_04_10', 'no conect', '', '', '2014-02-23 00:39:07'),
(407, 408, 'rusak', 21, 1, 41, '', '', '', '', '', 'F03_04_11', 'no conect', '', '', '2014-02-23 00:39:07'),
(408, 409, 'rusak', 21, 1, 42, '', '', '', '', '', 'F03_04_12', 'no conect', '', '', '2014-02-23 00:39:07'),
(409, 410, 'rusak', 21, 1, 43, '', '', '', '', '', 'F03_04_13', 'no conect', '', '', '2014-02-23 00:39:07'),
(410, 411, 'rusak', 21, 1, 44, '', '', '', '', '', 'F03_04_14', 'no conect', '', '', '2014-02-23 00:39:07'),
(411, 412, 'rusak', 21, 1, 45, '', '', '', '', '', 'F03_04_15', 'no conect', '', '', '2014-02-23 00:39:07'),
(412, 413, 'rusak', 21, 1, 46, '', '', '', '', '', 'F03_04_16', 'no conect', '', '', '2014-02-23 00:39:07'),
(413, 414, 'rusak', 21, 1, 47, '', '', '', '', '', 'F03_04_17', 'no conect', '', '', '2014-02-23 00:39:07'),
(414, 415, 'rusak', 21, 1, 48, '', '', '', '', '', 'F03_04_18', 'no conect', '', '', '2014-02-23 00:39:07'),
(415, 416, 'rusak', 21, 1, 49, '', '', '', '', '', 'F03_04_19', 'no conect', '', '', '2014-02-23 00:39:08'),
(416, 417, 'rusak', 21, 1, 50, '', '', '', '', '', 'F03_04_20', 'no conect', '', '', '2014-02-23 00:39:08'),
(417, 418, 'rusak', 21, 1, 51, '', '', '', '', '', 'F03_04_21', 'no conect', '', '', '2014-02-23 00:39:08'),
(418, 419, 'rusak', 21, 1, 31, '', '', '', '', '', 'F03_05_01', 'no conect', '', '', '2014-02-23 00:39:08'),
(419, 420, 'rusak', 21, 1, 32, '', '', '', '', '', 'F03_05_02', 'no conect', '', '', '2014-02-23 00:39:08'),
(420, 421, 'rusak', 21, 1, 33, '', '', '', '', '', 'F03_05_03', 'no conect', '', '', '2014-02-23 00:39:08'),
(421, 422, 'rusak', 21, 1, 34, '', '', '', '', '', 'F03_05_04', 'no conect', '', '', '2014-02-23 00:39:08'),
(422, 423, 'rusak', 21, 1, 35, '', '', '', '', '', 'F03_05_05', 'no conect', '', '', '2014-02-23 00:39:08'),
(423, 424, 'rusak', 21, 1, 36, '', '', '', '', '', 'F03_05_06', 'no conect', '', '', '2014-02-23 00:39:08'),
(424, 425, 'rusak', 21, 1, 37, '', '', '', '', '', 'F03_05_07', 'no conect', '', '', '2014-02-23 00:39:08'),
(425, 426, 'rusak', 21, 1, 38, '', '', '', '', '', 'F03_05_08', 'no conect', '', '', '2014-02-23 00:39:08'),
(426, 427, 'rusak', 21, 1, 39, '', '', '', '', '', 'F03_05_09', 'no conect', '', '', '2014-02-23 00:39:09'),
(427, 428, 'rusak', 21, 1, 40, '', '', '', '', '', 'F03_05_10', 'no conect', '', '', '2014-02-23 00:39:09'),
(428, 429, 'rusak', 21, 1, 41, '', '', '', '', '', 'F03_05_11', 'no conect', '', '', '2014-02-23 00:39:09'),
(429, 430, 'rusak', 21, 1, 42, '', '', '', '', '', 'F03_05_12', 'no conect', '', '', '2014-02-23 00:39:09'),
(430, 431, 'rusak', 21, 1, 43, '', '', '', '', '', 'F03_05_13', 'no conect', '', '', '2014-02-23 00:39:09'),
(431, 432, 'rusak', 21, 1, 44, '', '', '', '', '', 'F03_05_14', 'no conect', '', '', '2014-02-23 00:39:09'),
(432, 433, 'rusak', 21, 1, 45, '', '', '', '', '', 'F03_05_15', 'no conect', '', '', '2014-02-23 00:39:09'),
(433, 434, 'rusak', 21, 1, 46, '', '', '', '', '', 'F03_05_16', 'no conect', '', '', '2014-02-23 00:39:09'),
(434, 435, 'rusak', 21, 1, 47, '', '', '', '', '', 'F03_05_17', 'no conect', '', '', '2014-02-23 00:39:09'),
(435, 436, 'rusak', 21, 1, 48, '', '', '', '', '', 'F03_05_18', 'no conect', '', '', '2014-02-23 00:39:09'),
(436, 437, 'rusak', 21, 1, 49, '', '', '', '', '', 'F03_05_19', 'no conect', '', '', '2014-02-23 00:39:09'),
(437, 438, 'rusak', 21, 1, 50, '', '', '', '', '', 'F03_05_20', 'no conect', '', '', '2014-02-23 00:39:10'),
(438, 439, 'rusak', 21, 1, 51, '', '', '', '', '', 'F03_05_21', 'no conect', '', '', '2014-02-23 00:39:10'),
(439, 440, 'rusak', 21, 1, 31, '', '', '', '', '', '', 'no conect', '', '', '2014-02-23 00:39:10'),
(440, 441, 'rusak', 21, 1, 32, '', '', '', '', '', '', 'no conect', '', '', '2014-02-23 00:39:10'),
(441, 442, 'rusak', 21, 1, 33, '', '', '', '', '', '', 'no conect', '', '', '2014-02-23 00:39:10'),
(442, 443, 'rusak', 21, 1, 34, '', '', '', '', '', '', 'no conect', '', '', '2014-02-23 00:39:10'),
(443, 444, 'rusak', 21, 1, 35, '', '', '', '', '', '', 'no conect', '', '', '2014-02-23 00:39:10'),
(444, 445, 'rusak', 21, 1, 36, '', '', '', '', '', '', 'no conect', '', '', '2014-02-23 00:39:10'),
(445, 446, 'rusak', 21, 1, 37, '', '', '', '', '', '', 'no conect', '', '', '2014-02-23 00:39:10'),
(446, 447, 'rusak', 21, 1, 38, '', '', '', '', '', '', 'no conect', '', '', '2014-02-23 00:39:10'),
(447, 448, 'rusak', 21, 1, 39, '', '', '', '', '', '', 'no conect', '', '', '2014-02-23 00:39:10'),
(448, 449, 'rusak', 21, 1, 40, '', '', '', '', '', '', 'no conect', '', '', '2014-02-23 00:39:11'),
(449, 450, 'rusak', 21, 1, 41, '', '', '', '', '', '', 'no conect', '', '', '2014-02-23 00:39:11'),
(450, 451, 'rusak', 21, 1, 42, '', '', '', '', '', '', 'no conect', '', '', '2014-02-23 00:39:11'),
(451, 452, 'rusak', 21, 1, 43, '', '', '', '', '', '', 'no conect', '', '', '2014-02-23 00:39:11'),
(452, 453, 'rusak', 21, 1, 44, '', '', '', '', '', '', 'no conect', '', '', '2014-02-23 00:39:11'),
(453, 454, 'rusak', 21, 1, 45, '', '', '', '', '', '', 'no conect', '', '', '2014-02-23 00:39:11'),
(454, 455, 'rusak', 21, 1, 46, '', '', '', '', '', '', 'no conect', '', '', '2014-02-23 00:39:11'),
(455, 456, 'rusak', 21, 1, 47, '', '', '', '', '', '', 'no conect', '', '', '2014-02-23 00:39:11'),
(456, 457, 'rusak', 21, 1, 48, '', '', '', '', '', '', 'no conect', '', '', '2014-02-23 00:39:11'),
(457, 458, 'rusak', 21, 1, 49, '', '', '', '', '', '', 'no conect', '', '', '2014-02-23 00:39:11'),
(458, 459, 'rusak', 21, 1, 50, '', '', '', '', '', '', 'no conect', '', '', '2014-02-23 00:39:11'),
(459, 460, 'rusak', 21, 1, 51, '', '', '', '', '', '', 'no conect', '', '', '2014-02-23 00:39:12'),
(460, 461, 'rusak', 21, 1, 31, '', '', '', '', '', '', 'IDLE', '', '', '2014-02-23 00:39:12'),
(461, 462, 'rusak', 21, 1, 32, '', '', '', '', '', '', 'IDLE', '', '', '2014-02-23 00:39:12'),
(462, 463, 'rusak', 21, 1, 33, '', '', '', '', '', '', 'IDLE', '', '', '2014-02-23 00:39:12'),
(463, 464, 'rusak', 21, 1, 34, '', '', '', '', '', '', 'IDLE', '', '', '2014-02-23 00:39:12'),
(464, 465, 'rusak', 21, 1, 35, '', '', '', '', '', '', 'IDLE', '', '', '2014-02-23 00:39:12'),
(465, 466, 'rusak', 21, 1, 36, '', '', '', '', '', '', 'IDLE', '', '', '2014-02-23 00:39:12'),
(466, 467, 'rusak', 21, 1, 37, '', '', '', '', '', '', 'IDLE', '', '', '2014-02-23 00:39:12'),
(467, 468, 'rusak', 21, 1, 38, '', '', '', '', '', '', 'IDLE', '', '', '2014-02-23 00:39:12'),
(468, 469, 'rusak', 21, 1, 39, '', '', '', '', '', '', 'IDLE', '', '', '2014-02-23 00:39:12'),
(469, 470, 'rusak', 21, 1, 40, '', '', '', '', '', '', 'IDLE', '', '', '2014-02-23 00:39:12'),
(470, 471, 'rusak', 21, 1, 41, '', '', '', '', 'NO CONECTION', '', 'IDLE', '', '', '2014-02-23 00:39:13'),
(471, 472, 'rusak', 21, 1, 42, '', '', '', '', '', '', 'IDLE', '', '', '2014-02-23 00:39:13'),
(472, 473, 'rusak', 21, 1, 43, '', '', '', '', '', '', 'IDLE', '', '', '2014-02-23 00:39:13'),
(473, 474, 'rusak', 21, 1, 44, '', '', '', '', '', '', 'IDLE', '', '', '2014-02-23 00:39:13'),
(474, 475, 'rusak', 21, 1, 45, '', '', '', '', '', '', 'IDLE', '', '', '2014-02-23 00:39:13'),
(475, 476, 'rusak', 21, 1, 46, '', '', '', '', '', '', 'IDLE', '', '', '2014-02-23 00:39:13'),
(476, 477, 'rusak', 21, 1, 47, '', '', '', '', '', '', 'IDLE', '', '', '2014-02-23 00:39:13'),
(477, 478, 'rusak', 21, 1, 48, '', '', '', '', '', '', 'IDLE', '', '', '2014-02-23 00:39:13'),
(478, 479, 'rusak', 21, 1, 49, '', '', '', '', '', '', 'IDLE', '', '', '2014-02-23 00:39:13'),
(479, 480, 'rusak', 21, 1, 50, '', '', '', '', '', '', 'IDLE', '', '', '2014-02-23 00:39:13'),
(480, 481, 'rusak', 21, 1, 51, '', '', '', '', '', '', 'IDLE', '', '', '2014-02-23 00:39:13'),
(481, 482, 'rusak', 21, 1, 31, '', '', '', '', '', 'F03_09_01', 'IDLE', '', '', '2014-02-23 00:39:14'),
(482, 483, 'rusak', 24, 1, 32, '', '', 'STPNG', '', 'A02_3_7', 'F03_09_02', 'TC', '', '', '2014-02-23 00:39:14'),
(483, 484, 'rusak', 21, 1, 33, '', '', '', '0-47-1', '', 'F03_09_03', 'TRUNK', '', '', '2014-02-23 00:39:14'),
(484, 485, 'rusak', 25, 1, 34, '', '', '', '28_32_1', '', 'F03_09_04', 'TRUNK', '', '', '2014-02-23 00:39:14'),
(485, 486, 'rusak', 24, 1, 35, '', '', 'STPNG', '', 'A02_3_10', 'F03_09_05', 'TC', '', '', '2014-02-23 00:39:14'),
(486, 487, 'rusak', 21, 1, 36, '', '', '', '', '', 'F03_09_06', 'IDLE', '', '', '2014-02-23 00:39:14'),
(487, 488, 'rusak', 15, 1, 37, '', '', '', '', '', 'F03_09_07', 'IDLE', '', '', '2014-02-23 00:39:14'),
(488, 489, 'rusak', 6, 1, 38, '', '', '', '', '', 'F03_09_08', 'IDLE', '', '', '2014-02-23 00:39:14'),
(489, 490, 'rusak', 6, 1, 39, '', '', '', '', '', 'F03_09_09', 'IDLE', '', '', '2014-02-23 00:39:14'),
(490, 491, 'rusak', 17, 1, 40, '', '', '40', '', '', 'F03_09_10', 'MUMED', '', '', '2014-02-23 00:39:14'),
(491, 492, 'rusak', 6, 1, 41, '', '', '', '', '', 'F03_09_11', 'DCN', '', '', '2014-02-23 00:39:15'),
(492, 493, 'rusak', 6, 1, 42, '', '', '', '', '', 'F03_09_12', 'XOT', '', '', '2014-02-23 00:39:15'),
(493, 494, 'rusak', 6, 1, 43, '', '', '', '', '', 'F03_09_13', 'XOT', '', '', '2014-02-23 00:39:15'),
(494, 495, 'rusak', 6, 1, 44, '', '', '', '', '', 'F03_09_14', 'XOT', '', '', '2014-02-23 00:39:15'),
(495, 496, 'rusak', 6, 1, 45, '', '', '', '', '', 'F03_09_15', 'XOT', '', '', '2014-02-23 00:39:15'),
(496, 497, 'rusak', 23, 1, 46, '', '', '', '', 'E05_06_14', 'F03_09_16', 'NMS', '', '', '2014-02-23 00:39:15'),
(497, 498, 'rusak', 21, 1, 47, '', '', '', '', '', 'F03_09_17', 'OBC', '', '', '2014-02-23 00:39:15'),
(498, 499, 'rusak', 21, 1, 48, '', '', '', '', '', 'F03_09_18', 'IDLE', '', '', '2014-02-23 00:39:15'),
(499, 500, 'rusak', 21, 1, 49, '', '', '', '', '', 'F03_09_19', 'IDLE', '', '', '2014-02-23 00:39:15'),
(500, 501, 'rusak', 6, 1, 50, '', '', '', '', '', 'F03_09_20', 'DATAKIT', '', '', '2014-02-23 00:39:16'),
(501, 502, 'rusak', 6, 1, 51, '', '', '', '', '', 'F03_09_21', 'INTRANET', '', '', '2014-02-23 00:39:16'),
(502, 503, 'rusak', 6, 1, 31, '', '', '', '', '', 'F03_10_01', 'IDLE', '', '', '2014-02-23 00:39:16'),
(503, 504, 'rusak', 6, 1, 32, '', '', '', '', '', 'F03_10_02', 'IDLE', '', '', '2014-02-23 00:39:16'),
(504, 505, 'rusak', 6, 1, 33, '', '', '', '', '', 'F03_10_03', 'IDLE', '', '', '2014-02-23 00:39:16'),
(505, 506, 'rusak', 6, 1, 34, '', '', '', '', '', 'F03_10_04', 'IDLE', '', '', '2014-02-23 00:39:16'),
(506, 507, 'rusak', 21, 1, 35, '', '', '', '', '', 'F03_10_05', 'IDLE', '', '', '2014-02-23 00:39:16'),
(507, 508, 'rusak', 21, 1, 36, '', '', '', '', '', 'F03_10_06', 'IDLE', '', '', '2014-02-23 00:39:17'),
(508, 509, 'rusak', 6, 1, 37, '', '', '161', '', '', 'F03_10_07', 'MUMED', '', '', '2014-02-23 00:39:17'),
(509, 510, 'rusak', 21, 1, 38, '', '', '', '', '', 'F03_10_08', 'IDLE', '', '', '2014-02-23 00:39:17'),
(510, 511, 'rusak', 21, 1, 39, '', '', '', '', '', 'F03_10_09', 'IDLE', '', '', '2014-02-23 00:39:17'),
(511, 512, 'rusak', 23, 1, 40, '', '', '', '', 'ZTE', 'F03_10_10', 'TC', '', 'E5_11_07', '2014-02-23 00:39:17'),
(512, 513, 'rusak', 23, 1, 41, '', '', '', '', '', 'F03_10_11', 'IDLE', '', '', '2014-02-23 00:39:17'),
(513, 514, 'rusak', 23, 1, 42, '', '', '', '', '', 'F03_10_12', 'IDLE', '', '', '2014-02-23 00:39:17'),
(514, 515, 'rusak', 26, 1, 43, '', '', '', '', '', 'F03_10_13', 'IDLE', '', '', '2014-02-23 00:39:17'),
(515, 516, 'rusak', 6, 1, 44, '', '', '', '', '', 'F03_10_14', 'TELKOMSEL', '', 'A2_2_1', '2014-02-23 00:39:17'),
(516, 517, 'rusak', 21, 1, 45, '', '', '', 'L03_11_02', '', 'F03_10_15', 'CDC', '', '', '2014-02-23 00:39:17'),
(517, 518, 'rusak', 6, 1, 46, '', '', '', '', '', 'F03_10_16', 'TELKOMSEL', '', 'B11_05_24', '2014-02-23 00:39:18'),
(518, 519, 'rusak', 6, 1, 47, '', '', '', '', '', 'F03_10_17', 'TELKOMSEL', '', 'A2_2_11', '2014-02-23 00:39:18'),
(519, 520, 'rusak', 6, 1, 48, '', '', '', '', '', 'F03_10_18', 'TELKOMSEL', '', 'S7_12', '2014-02-23 00:39:18'),
(520, 521, 'rusak', 27, 1, 49, '', '', '', '', '', 'F03_10_19', 'TC', '', 'J03_11_03', '2014-02-23 00:39:18'),
(521, 522, 'rusak', 27, 1, 50, '', '', '', '', '', 'F03_10_20', 'TC', '', 'J03_11_04', '2014-02-23 00:39:18'),
(522, 523, 'rusak', 21, 1, 51, '', '', '', '', '', 'F03_10_21', 'IDLE', '', '', '2014-02-23 00:39:18');
INSERT INTO `tb_sirkit` (`id_sirkit`, `id_per_detail`, `kondisi`, `id_linka`, `id_linkb`, `id_user`, `st_a`, `st_b`, `tc`, `ddf_tc`, `ddf_user`, `tid`, `diu`, `tie_line`, `keterangan`, `tgl_update`) VALUES
(523, 524, 'rusak', 21, 1, 31, '', '', '', '', '', 'F03_01_01', 'IDLE', '', '', '2014-02-23 00:39:18'),
(524, 525, 'rusak', 21, 1, 32, '', '', '', '', '', 'F03_01_02', 'IDLE', '', '', '2014-02-23 00:39:18'),
(525, 526, 'rusak', 21, 1, 33, '', '', '', '', '', 'F03_01_03', 'IDLE', '', '', '2014-02-23 00:39:18'),
(526, 527, 'rusak', 21, 1, 34, '', '', '', '', '', 'F03_01_04', 'IDLE', '', '', '2014-02-23 00:39:19'),
(527, 528, 'rusak', 21, 1, 35, '', '', '', '', '', 'F03_01_05', 'IDLE', '', '', '2014-02-23 00:39:19'),
(528, 529, 'rusak', 21, 1, 36, '', '', '', '', '', 'F03_01_06', 'IDLE', '', '', '2014-02-23 00:39:19'),
(529, 530, 'rusak', 21, 1, 37, '', '', '', '', '', 'F03_01_07', 'IDLE', '', '', '2014-02-23 00:39:19'),
(530, 531, 'rusak', 21, 1, 38, '', '', '', '', '', 'F03_01_08', 'IDLE', '', '', '2014-02-23 00:39:19'),
(531, 532, 'rusak', 21, 1, 39, '', '', '', '', '', 'F03_01_09', 'IDLE', '', '', '2014-02-23 00:39:19'),
(532, 533, 'rusak', 21, 1, 40, '', '', '', '', '', 'F03_01_10', 'IDLE', '', '', '2014-02-23 00:39:19'),
(533, 534, 'rusak', 21, 1, 41, '', '', '', '', '', 'F03_01_11', 'IDLE', '', '', '2014-02-23 00:39:19'),
(534, 535, 'rusak', 21, 1, 42, '', '', '', '', '', 'F03_01_12', 'IDLE', '', '', '2014-02-23 00:39:19'),
(535, 536, 'rusak', 21, 1, 43, '', '', '', '', '', 'F03_01_13', 'IDLE', '', '', '2014-02-23 00:39:19'),
(536, 537, 'rusak', 21, 1, 44, '', '', '', '', '', 'F03_01_14', 'IDLE', '', '', '2014-02-23 00:39:20'),
(537, 538, 'rusak', 21, 1, 45, '', '', '', '', '', 'F03_01_15', 'IDLE', '', '', '2014-02-23 00:39:20'),
(538, 539, 'rusak', 21, 1, 46, '', '', '', '', '', 'F03_01_16', 'IDLE', '', '', '2014-02-23 00:39:20'),
(539, 540, 'rusak', 21, 1, 47, '', '', '', '', '', 'F03_01_17', 'IDLE', '', '', '2014-02-23 00:39:20'),
(540, 541, 'rusak', 21, 1, 48, '', '', '', '', '', 'F03_01_18', 'IDLE', '', '', '2014-02-23 00:39:20'),
(541, 542, 'rusak', 21, 1, 49, '', '', '', '', '', 'F03_01_19', 'IDLE', '', '', '2014-02-23 00:39:20'),
(542, 543, 'rusak', 21, 1, 50, '', '', '', '', '', 'F03_01_20', 'IDLE', '', '', '2014-02-23 00:39:20'),
(543, 544, 'rusak', 21, 1, 51, '', '', '', '', '', 'F03_01_21', 'IDLE', '', '', '2014-02-23 00:39:20'),
(544, 545, 'rusak', 20, 14, 30, '', '', '', '', '', '', '', '', '', '2014-02-23 00:39:20'),
(545, 546, 'rusak', 21, 16, 32, '', '', '', '', '', 'D36_07_02', 'IDLE', '', '', '2014-02-23 00:39:20'),
(546, 547, 'rusak', 10, 17, 33, '', '', '', '', '', 'D36_07_03', 'IDLE', '', '', '2014-02-23 00:39:21'),
(547, 548, 'rusak', 21, 16, 34, '', '', '', '', '', 'D36_07_04', 'IDLE', '', '', '2014-02-23 00:39:21'),
(548, 549, 'rusak', 21, 16, 35, '', '', '', '', '', 'D36_07_05', 'IDLE', '', '', '2014-02-23 00:39:21'),
(549, 550, 'rusak', 21, 18, 36, '', '', '', '', '', 'D36_07_06', 'IDLE', '', '', '2014-02-23 00:39:21'),
(550, 551, 'rusak', 21, 18, 37, '', '', '', '', '', 'D36_07_07', 'IDLE', '', '', '2014-02-23 00:39:21'),
(551, 552, 'rusak', 19, 19, 38, '', '', 'SSW', '22_1_3', '', 'D36_07_08', 'TRUNK', '', '', '2014-02-23 00:39:21'),
(552, 553, 'rusak', 21, 19, 39, '', '', '', '', '', 'D36_07_09', 'IDLE', '', '', '2014-02-23 00:39:21'),
(553, 554, 'rusak', 21, 19, 40, '', '', '', '', '', 'D36_07_10', 'IDLE', '', '', '2014-02-23 00:39:21'),
(554, 555, 'rusak', 21, 19, 41, '', '', '', '', '', 'D36_07_11', 'IDLE', '', '', '2014-02-23 00:39:21'),
(555, 556, 'rusak', 21, 19, 42, '', '', '', '', '', 'D36_07_12', 'IDLE', '', '', '2014-02-23 00:39:21'),
(556, 557, 'rusak', 21, 19, 43, '', '', '', '', '', 'D36_07_13', 'IDLE', '', '', '2014-02-23 00:39:22'),
(557, 558, 'rusak', 21, 19, 44, '', '', '', '', '', 'D36_07_14', 'IDLE', '', '', '2014-02-23 00:39:22'),
(558, 559, 'rusak', 21, 19, 45, '', '', '', '', '', 'D36_07_15', 'IDLE', '', '', '2014-02-23 00:39:22'),
(559, 560, 'rusak', 21, 19, 46, '', '', '', '', '', 'D36_07_16', 'IDLE', '', '', '2014-02-23 00:39:22'),
(560, 561, 'rusak', 21, 19, 47, '', '', '', '', '', 'D36_07_17', 'IDLE', '', '', '2014-02-23 00:39:22'),
(561, 562, 'rusak', 21, 19, 48, '', '', '', '', '', 'D36_07_18', 'IDLE', '', '', '2014-02-23 00:39:22'),
(562, 563, 'rusak', 21, 19, 49, '', '', '', '', '', 'D36_07_19', 'IDLE', '', '', '2014-02-23 00:39:22'),
(563, 564, 'rusak', 21, 19, 50, '', '', '', '', '', 'D36_07_20', 'IDLE', '', '', '2014-02-23 00:39:22'),
(564, 565, 'rusak', 21, 19, 51, '', '', '', '', '', 'D36_07_21', 'IDLE', '', '', '2014-02-23 00:39:22'),
(565, 566, 'rusak', 21, 19, 31, '', '', '', '', '', '', 'IDLE', '', '', '2014-02-23 00:39:22'),
(566, 567, 'rusak', 21, 19, 32, '', '', '', '', '', '', 'IDLE', '', '', '2014-02-23 00:39:23'),
(567, 568, 'rusak', 21, 19, 33, '', '', '', '', '', '', 'IDLE', '', '', '2014-02-23 00:39:23'),
(568, 569, 'rusak', 21, 19, 34, '', '', '', '', '', '', 'IDLE', '', '', '2014-02-23 00:39:23'),
(569, 570, 'rusak', 21, 19, 35, '', '', '', '', '', '', 'IDLE', '', '', '2014-02-23 00:39:23'),
(570, 571, 'rusak', 21, 19, 36, '', '', '', '', '', '', 'IDLE', '', '', '2014-02-23 00:39:23'),
(571, 572, 'rusak', 21, 19, 37, '', '', '', '', '', '', 'IDLE', '', '', '2014-02-23 00:39:23'),
(572, 573, 'rusak', 21, 19, 38, '', '', '', '', '', '', 'IDLE', '', '', '2014-02-23 00:39:23'),
(573, 574, 'rusak', 21, 19, 39, '', '', '', '', '', '', 'IDLE', '', '', '2014-02-23 00:39:23'),
(574, 575, 'rusak', 21, 19, 40, '', '', '', '', '', '', 'IDLE', '', '', '2014-02-23 00:39:23'),
(575, 576, 'rusak', 21, 19, 41, '', '', '', '', '', '', 'IDLE', '', '', '2014-02-23 00:39:23'),
(576, 577, 'rusak', 21, 19, 42, '', '', '', '', '', '', 'IDLE', '', '', '2014-02-23 00:39:24'),
(577, 578, 'rusak', 21, 19, 43, '', '', '', '', '', '', 'IDLE', '', '', '2014-02-23 00:39:24'),
(578, 579, 'rusak', 21, 19, 44, '', '', '', '', '', '', 'IDLE', '', '', '2014-02-23 00:39:24'),
(579, 580, 'rusak', 21, 19, 45, '', '', '', '', '', '', 'IDLE', '', '', '2014-02-23 00:39:24'),
(580, 581, 'rusak', 21, 19, 46, '', '', '', '', '', '', 'IDLE', '', '', '2014-02-23 00:39:24'),
(581, 582, 'rusak', 21, 19, 47, '', '', '', '', '', '', 'IDLE', '', '', '2014-02-23 00:39:24'),
(582, 583, 'rusak', 21, 19, 48, '', '', '', '', '', '', 'IDLE', '', '', '2014-02-23 00:39:24'),
(583, 584, 'rusak', 21, 19, 49, '', '', '', '', '', '', 'IDLE', '', '', '2014-02-23 00:39:24'),
(584, 585, 'rusak', 21, 19, 50, '', '', '', '', '', '', 'IDLE', '', '', '2014-02-23 00:39:24'),
(585, 586, 'rusak', 21, 19, 51, '', '', '', '', '', '', 'IDLE', '', '', '2014-02-23 00:39:24'),
(586, 587, 'rusak', 21, 19, 31, '', '', '', '', '', '', 'IDLE', '', '', '2014-02-23 00:39:24'),
(587, 588, 'rusak', 21, 19, 32, '', '', '', '', '', '', 'IDLE', '', '', '2014-02-23 00:39:25'),
(588, 589, 'rusak', 21, 19, 33, '', '', '', '', '', '', 'IDLE', '', '', '2014-02-23 00:39:25'),
(589, 590, 'rusak', 21, 19, 34, '', '', '', '', '', '', 'IDLE', '', '', '2014-02-23 00:39:25'),
(590, 591, 'rusak', 21, 19, 35, '', '', '', '', '', '', 'IDLE', '', '', '2014-02-23 00:39:25'),
(591, 592, 'rusak', 21, 19, 36, '', '', '', '', '', '', 'IDLE', '', '', '2014-02-23 00:39:25'),
(592, 593, 'rusak', 21, 19, 37, '', '', '', '', '', '', 'IDLE', '', '', '2014-02-23 00:39:25'),
(593, 594, 'rusak', 21, 19, 38, '', '', '', '', '', '', 'IDLE', '', '', '2014-02-23 00:39:25'),
(594, 595, 'rusak', 21, 19, 39, '', '', '', '', '', '', 'IDLE', '', '', '2014-02-23 00:39:25'),
(595, 596, 'rusak', 21, 19, 40, '', '', '', '', '', '', 'IDLE', '', '', '2014-02-23 00:39:25'),
(596, 597, 'rusak', 21, 19, 41, '', '', '', '', '', '', 'IDLE', '', '', '2014-02-23 00:39:25'),
(597, 598, 'rusak', 21, 19, 42, '', '', '', '', '', '', 'IDLE', '', '', '2014-02-23 00:39:26'),
(598, 599, 'rusak', 21, 19, 43, '', '', '', '', '', '', 'IDLE', '', '', '2014-02-23 00:39:26'),
(599, 600, 'rusak', 21, 19, 44, '', '', '', '', '', '', 'IDLE', '', '', '2014-02-23 00:39:26'),
(600, 601, 'rusak', 21, 19, 45, '', '', '', '', '', '', 'IDLE', '', '', '2014-02-23 00:39:26'),
(601, 602, 'rusak', 21, 19, 46, '', '', '', '', '', '', 'IDLE', '', '', '2014-02-23 00:39:26'),
(602, 603, 'rusak', 21, 19, 47, '', '', '', '', '', '', 'IDLE', '', '', '2014-02-23 00:39:26'),
(603, 604, 'rusak', 21, 19, 48, '', '', '', '', '', '', 'IDLE', '', '', '2014-02-23 00:39:26'),
(604, 605, 'rusak', 21, 19, 49, '', '', '', '', '', '', 'IDLE', '', '', '2014-02-23 00:39:26'),
(605, 606, 'rusak', 21, 19, 50, '', '', '', '', '', '', 'IDLE', '', '', '2014-02-23 00:39:27'),
(606, 607, 'rusak', 21, 19, 51, '', '', '', '', '', '', 'IDLE', '', '', '2014-02-23 00:39:27'),
(607, 608, 'rusak', 21, 19, 31, '', '', '', '', '', '', 'IDLE', '', '', '2014-02-23 00:39:27'),
(608, 609, 'rusak', 21, 19, 32, '', '', '', '', '', '', 'IDLE', '', '', '2014-02-23 00:39:27'),
(609, 610, 'rusak', 21, 19, 33, '', '', '', '', '', '', 'IDLE', '', '', '2014-02-23 00:39:27'),
(610, 611, 'rusak', 21, 19, 34, '', '', '', '', '', '', 'IDLE', '', '', '2014-02-23 00:39:27'),
(611, 612, 'rusak', 21, 19, 35, '', '', '', '', '', '', 'IDLE', '', '', '2014-02-23 00:39:27'),
(612, 613, 'rusak', 21, 19, 36, '', '', '', '', '', '', 'IDLE', '', '', '2014-02-23 00:39:27'),
(613, 614, 'rusak', 21, 19, 37, '', '', '', '', '', '', 'IDLE', '', '', '2014-02-23 00:39:27'),
(614, 615, 'rusak', 21, 19, 38, '', '', '', '', '', '', 'IDLE', '', '', '2014-02-23 00:39:28'),
(615, 616, 'rusak', 21, 19, 39, '', '', '', '', '', '', 'IDLE', '', '', '2014-02-23 00:39:28'),
(616, 617, 'rusak', 21, 19, 40, '', '', '', '', '', '', 'IDLE', '', '', '2014-02-23 00:39:28'),
(617, 618, 'rusak', 21, 19, 41, '', '', '', '', '', '', 'IDLE', '', '', '2014-02-23 00:39:28'),
(618, 619, 'rusak', 21, 19, 42, '', '', '', '', '', '', 'IDLE', '', '', '2014-02-23 00:39:28'),
(619, 620, 'rusak', 21, 19, 43, '', '', '', '', '', '', 'IDLE', '', '', '2014-02-23 00:39:28'),
(620, 621, 'rusak', 21, 19, 44, '', '', '', '', '', '', 'IDLE', '', '', '2014-02-23 00:39:28'),
(621, 622, 'rusak', 21, 19, 45, '', '', '', '', '', '', 'IDLE', '', '', '2014-02-23 00:39:28'),
(622, 623, 'rusak', 21, 19, 46, '', '', '', '', '', '', 'IDLE', '', '', '2014-02-23 00:39:29'),
(623, 624, 'rusak', 21, 19, 47, '', '', '', '', '', '', 'IDLE', '', '', '2014-02-23 00:39:29'),
(624, 625, 'rusak', 21, 19, 48, '', '', '', '', '', '', 'IDLE', '', '', '2014-02-23 00:39:29'),
(625, 626, 'rusak', 21, 19, 49, '', '', '', '', '', '', 'IDLE', '', '', '2014-02-23 00:39:29'),
(626, 627, 'rusak', 21, 19, 50, '', '', '', '', '', '', 'IDLE', '', '', '2014-02-23 00:39:29'),
(627, 628, 'rusak', 21, 19, 51, '', '', '', '', '', '', 'IDLE', '', '', '2014-02-23 00:39:29'),
(628, 629, 'rusak', 26, 10, 31, '', '', '', '', 'NE53/2/17', 'C35_05_01', 'TC', '', 'A02_2_17', '2014-02-23 00:39:29'),
(629, 630, 'rusak', 21, 19, 32, '', '', '', '3_33_0', '', 'C35_05_02', 'IDLE', '', '', '2014-02-23 00:39:30'),
(630, 631, 'rusak', 20, 14, 33, '', '', '', '', '', 'C35_05_03', 'IDLE', '', '', '2014-02-23 00:39:30'),
(631, 632, 'rusak', 18, 19, 34, '', '', '', '', 'ALCR5/1/1', 'C35_05_04', 'TELKOMSEL', '', 'D02_6_1', '2014-02-23 00:39:30'),
(632, 633, 'rusak', 21, 19, 35, '', '', '', '', 'NE 52/2/14', 'C35_05_05', 'STP', '', 'A09_4_14', '2014-02-23 00:39:30'),
(633, 634, 'rusak', 21, 19, 36, '', '', '', '', '', 'C35_05_06', 'IDLE', '', '', '2014-02-23 00:39:30'),
(634, 635, 'rusak', 21, 19, 37, '', '', '', '3_15_0', '', 'C35_05_07', 'IDLE', '', '', '2014-02-23 00:39:30'),
(635, 636, 'rusak', 21, 19, 38, '', '', '', '4_36_1', '', 'C35_05_08', 'IDLE', '', '', '2014-02-23 00:39:31'),
(636, 637, 'rusak', 28, 19, 39, '', '', '', '', 'NE53/3/21', 'C35_05_09', 'TC', '', 'A02_3_21', '2014-02-23 00:39:31'),
(637, 638, 'rusak', 18, 19, 40, '', '', '', '', 'ALCR5/3/2', 'C35_05_10', 'TELKOMSEL', '', 'D02_6_2', '2014-02-23 00:39:31'),
(638, 639, 'rusak', 28, 19, 41, '', '', '', '', 'ALCR5/2/13', 'C35_05_11', 'TC', '', 'D02_5_13', '2014-02-23 00:39:31'),
(639, 640, 'rusak', 28, 19, 42, '', '', '', '', 'ALCR5/2/12', 'C35_05_12', 'ISI', '', 'D02_5_12', '2014-02-23 00:39:31'),
(640, 641, 'rusak', 23, 19, 43, '', '', '', '', '', 'C35_05_13', 'IDLE', '', '', '2014-02-23 00:39:31'),
(641, 642, 'rusak', 18, 19, 44, '', '', '', '', 'NE105_1_15', 'C35_05_14', 'TC', '', 'A05_04_15', '2014-02-23 00:39:31'),
(642, 643, 'rusak', 21, 19, 45, '', '', '', '', '', 'C35_05_15', 'CDC', '', 'CDC_9', '2014-02-23 00:39:31'),
(643, 644, 'rusak', 18, 9, 46, '', '', '', '', 'ALCR5_1_18', 'C35_05_16', 'TELKOMSEL', '', 'D02_04_18', '2014-02-23 00:39:31'),
(644, 645, 'rusak', 18, 19, 47, '', '', '', '', '', 'C35_05_17', 'IDLE', '', '', '2014-02-23 00:39:31'),
(645, 646, 'rusak', 28, 19, 48, '', '', '', '', '', 'C35_05_18', 'IDLE', '', '', '2014-02-23 00:39:31'),
(646, 647, 'rusak', 28, 19, 49, '', '', '', '', '', 'C35_05_19', 'IDLE', '', '', '2014-02-23 00:39:32'),
(647, 648, 'rusak', 28, 19, 50, '', '', '', '', '', 'C35_05_20', 'IDLE', '', '', '2014-02-23 00:39:32'),
(648, 649, 'rusak', 28, 19, 51, '', '', '', '', '', 'C35_05_21', 'IDLE', '', '', '2014-02-23 00:39:32'),
(649, 314, 'rusak', 6, 19, 31, '', '', '', '', '', 'C35_06_01', 'IS SENTRE', '', 'DDFS_J07_06_14', '2014-02-23 00:39:32'),
(650, 315, 'rusak', 18, 19, 32, '', '', '', '', '', 'C35_06_02', 'IDLE', '', '', '2014-02-23 00:39:32'),
(651, 316, 'rusak', 18, 19, 33, '', '', '', '', 'NE99_3_8', 'C35_06_03', 'TC', '', 'A08_06_08', '2014-02-23 00:39:32'),
(652, 317, 'rusak', 23, 19, 34, '', '', '', '', 'ZTE', 'C35_06_04', 'TC', '', 'E05_12_15', '2014-02-23 00:39:32'),
(653, 318, 'rusak', 20, 14, 35, '', '', '', '', '', 'C35_06_05', 'IDLE', '', '', '2014-02-23 00:39:32'),
(654, 319, 'rusak', 20, 14, 36, '', '', '', '', '', 'C35_06_06', 'IDLE', '', '', '2014-02-23 00:39:32'),
(655, 320, 'rusak', 26, 19, 37, '', '', '', '', 'NE105_1_3', 'C35_06_07', 'IDLE', '', 'A05_04_03', '2014-02-23 00:39:32'),
(656, 321, 'rusak', 29, 19, 38, '', '', '', '', 'ZTE', 'C35_06_08', 'TC', '', 'K01_05_15', '2014-02-23 00:39:32'),
(657, 322, 'rusak', 15, 19, 39, '', '', '', '', 'NE105_1_4', 'C35_06_09', 'IDLE', '', 'A05_04_04', '2014-02-23 00:39:32'),
(658, 323, 'rusak', 21, 19, 40, '', '', '', '', '', 'C35_06_10', 'IDLE', '', '', '2014-02-23 00:39:33'),
(659, 324, 'rusak', 21, 19, 41, '', '', '', '', '', 'C35_06_11', 'IDLE', '', '', '2014-02-23 00:39:33'),
(660, 325, 'rusak', 21, 19, 42, '', '', '', '', '', 'C35_06_12', 'IDLE', '', '', '2014-02-23 00:39:33'),
(661, 326, 'rusak', 21, 19, 43, '', '', '', '', '', 'C35_06_13', 'IDLE', '', '', '2014-02-23 00:39:33'),
(662, 327, 'rusak', 6, 19, 44, '', '', '', '', '', 'C35_06_14', 'IDLE', '', '', '2014-02-23 00:39:33'),
(663, 328, 'rusak', 6, 19, 45, '', '', '', '', '', 'C35_06_15', 'IDLE', '', '', '2014-02-23 00:39:33'),
(664, 329, 'rusak', 18, 10, 46, '', '', '', '', 'ZTE', 'C35_06_16', 'TC', '', 'K01_05_06', '2014-02-23 00:39:33'),
(665, 330, 'rusak', 30, 20, 47, '', '', '', '', 'ALCR5_1_14', 'C35_06_17', 'TELKOMSEL', '', 'D02_5_14', '2014-02-23 00:39:33'),
(666, 331, 'rusak', 23, 19, 48, '', '', '', '', '', 'C35_06_18', 'MUMED', '', 'E05_11_21', '2014-02-23 00:39:33'),
(667, 332, 'rusak', 26, 19, 49, '', '', '', '', 'NE53_3_17', 'C35_06_19', 'TC', '', 'A02_03_17', '2014-02-23 00:39:33'),
(668, 333, 'rusak', 6, 21, 50, '', '', '', '', '', 'C35_06_20', 'MUMED', '', 'B06_08_24', '2014-02-23 00:39:33'),
(669, 334, 'rusak', 21, 18, 51, '', '', '', '', '', 'C35_06_21', 'IDLE', '', '', '2014-02-23 00:39:33'),
(670, 650, 'rusak', 21, 19, 31, '', '', '', '', 'ALCR5_1_15', 'C35_07_01', 'TELKOMSEL', '', 'D02_04_15', '2014-02-23 00:39:34'),
(671, 651, 'rusak', 31, 22, 32, '', '', 'NGN', '', 'ZTE', 'C35_07_02', 'STP', '', 'K01_06_13', '2014-02-23 00:39:34'),
(672, 652, 'rusak', 18, 9, 33, '', '', '', '', 'ALCR5_2_16', 'C35_07_03', 'TELKOMSEL', '', 'D02_05_16', '2014-02-23 00:39:34'),
(673, 653, 'rusak', 21, 16, 34, '', '', '', '', '', 'C35_07_04', 'IDLE', '', '', '2014-02-23 00:39:34'),
(674, 654, 'rusak', 18, 9, 35, '', '', '', '', 'ALCR5_1_17', 'C35_07_05', 'TELKOMSEL', '', 'D02_05_17', '2014-02-23 00:39:34'),
(675, 655, 'rusak', 21, 23, 36, '', '', '', '5-11-1', '', 'C35_07_06', 'IDLE', '', '', '2014-02-23 00:39:34'),
(676, 656, 'rusak', 20, 14, 37, '', '', '', '', '', 'C35_07_07', 'IDLE', '', '', '2014-02-23 00:39:34'),
(677, 657, 'rusak', 21, 24, 38, '', '', '', '', '', 'C35_07_08', 'IDLE', '', '', '2014-02-23 00:39:34'),
(678, 658, 'rusak', 21, 24, 39, '', '', '', '', '', 'C35_07_09', 'IDLE', '', '', '2014-02-23 00:39:34'),
(679, 344, 'rusak', 31, 22, 40, '', '', '', '', 'NE99_3_19', 'C35_07_10', 'TC', '', 'A08_06_19', '2014-02-23 00:39:34'),
(680, 345, 'rusak', 21, 24, 41, '', '', '', '', '', 'C35_07_11', 'IDLE', '', '', '2014-02-23 00:39:34'),
(681, 346, 'rusak', 6, 9, 42, '', '', '', '', '', 'C35_07_12', 'TELKOMSEL', '', '', '2014-02-23 00:39:35'),
(682, 347, 'rusak', 23, 19, 43, '', '', '', '', 'GMDT1_4_4_1', 'C35_07_13', 'TC', '', 'B09_05_17', '2014-02-23 00:39:35'),
(683, 348, 'rusak', 6, 19, 44, '', '', '', '', '', 'C35_07_14', 'FLEXI', '', '', '2014-02-23 00:39:35'),
(684, 349, 'rusak', 6, 19, 45, '', '', '', '', '', '838', 'FLEXI', '', '', '2014-02-23 00:39:35'),
(685, 350, 'rusak', 23, 21, 46, '', '', '', '', 'ZTE', 'C35_07_16', 'IDLE', '', 'E05_06_15', '2014-02-23 00:39:35'),
(686, 351, 'rusak', 21, 19, 47, '', '', '', '', '', 'C35_07_17', 'IDLE', '', '', '2014-02-23 00:39:35'),
(687, 352, 'rusak', 32, 21, 48, '', '', '5006', '', 'MR23_6_7', 'C35_07_18', 'MUMED', '', 'F02_06_07', '2014-02-23 00:39:35'),
(688, 353, 'rusak', 17, 21, 49, '', '', '4969', '', 'MR 25_5_16', 'C35_07_19', 'MUMED', '', 'F04_05_16', '2014-02-23 00:39:35'),
(689, 354, 'rusak', 20, 21, 50, '', '', '60', '', 'MR23_10_05', 'C35_07_20', 'MUMED', '', 'F02_10_05', '2014-02-23 00:39:35'),
(690, 355, 'rusak', 33, 21, 51, '', '', '4980', '', '3_1_12_21', 'C35_07_21', 'MUMED', '', 'K02_03_21', '2014-02-23 00:39:36'),
(691, 659, 'rusak', 21, 19, 31, '', '', '', '3-15-3', '', 'C35_08_01', 'IDLE', '', '', '2014-02-23 00:39:36'),
(692, 660, 'rusak', 21, 19, 32, '', '', '', '', '', 'C35_08_02', 'IDLE', '', '', '2014-02-23 00:39:36'),
(693, 661, 'rusak', 21, 19, 33, '', '', '', '', '', 'C35_08_03', 'IDLE', '', '', '2014-02-23 00:39:36'),
(694, 662, 'rusak', 21, 19, 34, '', '', '', '', '', 'C35_08_04', 'IDLE', '', '', '2014-02-23 00:39:36'),
(695, 663, 'rusak', 21, 19, 35, '', '', '', '3-09-3', '', 'C35_08_05', 'IDLE', '', '', '2014-02-23 00:39:36'),
(696, 664, 'rusak', 21, 19, 36, '', '', '', '3-10-3', '', 'C35_08_06', 'IDLE', '', '', '2014-02-23 00:39:36'),
(697, 665, 'rusak', 21, 19, 37, '', '', '', '', '', 'C35_08_07', 'IDLE', '', '', '2014-02-23 00:39:36'),
(698, 666, 'rusak', 21, 19, 38, '', '', '', '3-13-3', '', 'C35_08_08', 'IDLE', '', '', '2014-02-23 00:39:36'),
(699, 667, 'rusak', 21, 19, 39, '', '', '', '3-14-3', '', 'C35_08_09', 'IDLE', '', '', '2014-02-23 00:39:37'),
(700, 668, 'rusak', 21, 19, 40, '', '', '', '2-62-0', '', 'C35_08_10', 'IDLE', '', '', '2014-02-23 00:39:37'),
(701, 669, 'rusak', 21, 23, 41, '', '', '', '2-63-0', '', 'C35_08_11', 'IDLE', '', '', '2014-02-23 00:39:37'),
(702, 670, 'rusak', 21, 23, 42, '', '', '', '3-18-0', '', 'C35_08_12', 'IDLE', '', '', '2014-02-23 00:39:37'),
(703, 671, 'rusak', 21, 23, 43, '', '', '', '5-44-0', '', 'C35_08_13', 'IDLE', '', '', '2014-02-23 00:39:37'),
(704, 672, 'rusak', 21, 23, 44, '', '', '', '5-45-0', '', 'C35_08_14', 'IDLE', '', '', '2014-02-23 00:39:37'),
(705, 673, 'rusak', 21, 19, 45, '', '', '', '5-46-0', '', 'C35_08_15', 'IDLE', '', '.', '2014-02-23 00:39:37'),
(706, 674, 'rusak', 21, 19, 46, '', '', '', '5-47-0', '', 'C35_08_16', 'IDLE', '', '', '2014-02-23 00:39:37'),
(707, 675, 'rusak', 21, 19, 47, '', '', '', '5-48-0', '', 'C35_08_17', 'IDLE', '', '', '2014-02-23 00:39:37'),
(708, 676, 'rusak', 21, 19, 48, '', '', '', '0-14-2', 'JKT 4-06-1', 'C35_08_18', 'IDLE', '', '', '2014-02-23 00:39:38'),
(709, 677, 'rusak', 21, 23, 49, '', '', '', '5-26-3', '', 'C35_08_19', 'IDLE', '', '', '2014-02-23 00:39:38'),
(710, 678, 'rusak', 21, 10, 50, '', '', '', '0-34-1', 'JKT 4-0-16', 'C35_08_20', 'IDLE', '', '', '2014-02-23 00:39:38'),
(711, 679, 'rusak', 21, 24, 51, '', '', '', '', '', 'C35_08_21', 'IDLE', '', '', '2014-02-23 00:39:38'),
(712, 680, 'rusak', 21, 24, 31, '', '', '', '4-09-1', 'JKT 0-10-3', 'C35_09_01', 'IDLE', '', '', '2014-02-23 00:39:38'),
(713, 681, 'rusak', 21, 24, 32, '', '', '', '4-10-1', 'JKT 0-11-3', 'C35_09_02', 'IDLE', '', '', '2014-02-23 00:39:38'),
(714, 682, 'rusak', 18, 21, 33, '', '', '', '', 'ALCR5_1_19 ', 'C35_09_03', 'IDLE', '', 'D02_05_19', '2014-02-23 00:39:38'),
(715, 683, 'rusak', 20, 21, 34, '', '', '', '', 'OR28_07_15', 'C35_09_04', 'IDLE', '', 'D13_07_15', '2014-02-23 00:39:38'),
(716, 684, 'rusak', 21, 25, 35, '', '', '', '3-41-0', '', 'C35_09_05', 'IDLE', '', '', '2014-02-23 00:39:38'),
(717, 685, 'rusak', 21, 25, 36, '', '', '', '4-07-2', '', 'C35_09_06', 'IDLE', '', '', '2014-02-23 00:39:39'),
(718, 686, 'rusak', 21, 25, 37, '', '', '', '4-09-2', '', 'C35_09_07', 'IDLE', '', '', '2014-02-23 00:39:39'),
(719, 687, 'rusak', 2, 10, 38, '', '', '', '', '', 'C35_09_08', 'IDLE', '', '', '2014-02-23 00:39:39'),
(720, 688, 'rusak', 21, 24, 39, '', '', '', '', '', 'C35_09_09', 'IDLE', '', '', '2014-02-23 00:39:39'),
(721, 689, 'rusak', 21, 24, 40, '', '', '', '', '', 'C35_09_10', 'IDLE', '', '', '2014-02-23 00:39:39'),
(722, 690, 'rusak', 34, 21, 41, '', '', '', '', 'MR26_3_2', 'C35_09_11', 'MUMED', '', 'F05_03_02', '2014-02-23 00:39:39'),
(723, 691, 'rusak', 6, 21, 42, '', '', '551', '', '', 'C35_09_12', 'IDLE', '', 'J07_07_06', '2014-02-23 00:39:39'),
(724, 692, 'rusak', 23, 10, 43, '', '', '551', '', '', 'C35_09_13', 'MUMED', '', 'J07_07_06', '2014-02-23 00:39:39'),
(725, 693, 'rusak', 21, 19, 44, '', '', '', '', '', 'C35_09_14', 'IDLE', '', '', '2014-02-23 00:39:40'),
(726, 694, 'rusak', 23, 19, 45, '', '', '', '', '', 'C35_09_15', 'TC', '', 'B09_07_18', '2014-02-23 00:39:40'),
(727, 695, 'rusak', 18, 26, 46, '', '', '', '', '', 'C35_09_16', 'IDLE', '', '', '2014-02-23 00:39:40'),
(728, 696, 'rusak', 18, 21, 47, '', '', '', '', 'ALCR5_2_3', 'C35_09_17', 'TELKOMSEL', '', 'D02_06_03', '2014-02-23 00:39:40'),
(729, 697, 'rusak', 14, 24, 48, '', '', '', '4-11-1', 'JKT 3-59-1', 'C35_09_18', 'TRUNK', '', '', '2014-02-23 00:39:40'),
(730, 698, 'rusak', 21, 24, 49, '', '', '', '', '', 'C35_09_19', 'IDLE', '', '', '2014-02-23 00:39:40'),
(731, 699, 'rusak', 15, 21, 50, '', '', '', '', 'ALCR2_3_15', 'C35_09_20', 'FLEXI', '', 'D01_3_15', '2014-02-23 00:39:40'),
(732, 700, 'rusak', 15, 21, 51, '', '', '', '', 'ALCR2_3_16', 'C35_09_21', 'FLEXI', '', 'D01_3_16', '2014-02-23 00:39:40'),
(733, 701, 'rusak', 21, 19, 31, '', '', '', '', '', 'C35_10_01', 'IDLE', '', '', '2014-02-23 00:39:40'),
(734, 702, 'rusak', 21, 19, 32, '', '', '', '', '', 'C35_10_02', 'IDLE', '', '', '2014-02-23 00:39:40'),
(735, 703, 'rusak', 21, 19, 33, '', '', '', '', '', 'C35_10_03', 'IDLE', '', '', '2014-02-23 00:39:41'),
(736, 704, 'rusak', 21, 19, 34, '', '', '', '', '', 'C35_10_04', 'IDLE', '', '', '2014-02-23 00:39:41'),
(737, 705, 'rusak', 21, 19, 35, '', '', '', '', '', 'C35_10_05', 'IDLE', '', '', '2014-02-23 00:39:41'),
(738, 706, 'rusak', 21, 19, 36, '', '', '', '', '', 'C35_10_06', 'IDLE', '', '', '2014-02-23 00:39:41'),
(739, 707, 'rusak', 21, 19, 37, '', '', '', '', '', 'C35_10_07', 'IDLE', '', '', '2014-02-23 00:39:41'),
(740, 708, 'rusak', 21, 19, 38, '', '', '', '', '', 'C35_10_08', 'IDLE', '', '', '2014-02-23 00:39:41'),
(741, 709, 'rusak', 21, 19, 39, '', '', '', '', '', 'C35_10_09', 'IDLE', '', '', '2014-02-23 00:39:41'),
(742, 710, 'rusak', 21, 19, 40, '', '', '', '', '', 'C35_10_10', 'IDLE', '', '', '2014-02-23 00:39:41'),
(743, 711, 'rusak', 21, 19, 41, '', '', '', '', '', 'C35_10_11', 'IDLE', '', '', '2014-02-23 00:39:41'),
(744, 712, 'rusak', 21, 19, 42, '', '', '', '', '', 'C35_10_12', 'IDLE', '', '', '2014-02-23 00:39:41'),
(745, 713, 'rusak', 21, 19, 43, '', '', '', '', '', 'C35_10_13', 'IDLE', '', '', '2014-02-23 00:39:41'),
(746, 714, 'rusak', 21, 19, 44, '', '', '', '', '', 'C35_10_14', 'IDLE', '', '', '2014-02-23 00:39:42'),
(747, 715, 'rusak', 21, 19, 45, '', '', '', '', '', 'C35_10_15', 'IDLE', '', '', '2014-02-23 00:39:42'),
(748, 716, 'rusak', 21, 19, 46, '', '', '', '', '', 'C35_10_16', 'IDLE', '', '', '2014-02-23 00:39:42'),
(749, 717, 'rusak', 21, 19, 47, '', '', '', '', '', 'C35_10_17', 'IDLE', '', '', '2014-02-23 00:39:42'),
(750, 718, 'rusak', 21, 19, 48, '', '', '', '', '', 'C35_10_18', 'IDLE', '', '', '2014-02-23 00:39:42'),
(751, 719, 'rusak', 21, 19, 49, '', '', '', '', '', 'C35_10_19', 'IDLE', '', '', '2014-02-23 00:39:42'),
(752, 720, 'rusak', 21, 19, 50, '', '', '', '', '', 'C35_10_20', 'IDLE', '', '', '2014-02-23 00:39:42'),
(753, 721, 'rusak', 21, 19, 51, '', '', '', '', '', 'C35_10_21', 'IDLE', '', '', '2014-02-23 00:39:42'),
(754, 722, 'rusak', 21, 19, 31, '', '', '', '', '', 'D34_01_01', 'IDLE', '', '', '2014-02-23 00:39:42'),
(755, 723, 'rusak', 21, 19, 32, '', '', '', '', '', 'D34_01_02', 'IDLE', '', '', '2014-02-23 00:39:42'),
(756, 724, 'rusak', 21, 19, 33, '', '', '', '', '', 'D34_01_03', 'IDLE', '', '', '2014-02-23 00:39:43'),
(757, 725, 'rusak', 21, 19, 34, '', '', '', '', '', 'D34_01_04', 'IDLE', '', '', '2014-02-23 00:39:43'),
(758, 726, 'rusak', 21, 19, 35, '', '', '', '', '', 'D34_01_05', 'IDLE', '', '', '2014-02-23 00:39:43'),
(759, 727, 'rusak', 21, 19, 36, '', '', '', '', '', 'D34_01_06', 'IDLE', '', '', '2014-02-23 00:39:43'),
(760, 728, 'rusak', 21, 19, 37, '', '', '', '', '', 'D34_01_07', 'IDLE', '', '', '2014-02-23 00:39:43'),
(761, 729, 'rusak', 21, 19, 38, '', '', '', '', '', 'D34_01_08', 'IDLE', '', '', '2014-02-23 00:39:43'),
(762, 730, 'rusak', 21, 19, 39, '', '', '', '', '', 'D34_01_09', 'IDLE', '', '', '2014-02-23 00:39:43'),
(763, 731, 'rusak', 21, 19, 40, '', '', '', '', '', 'D34_01_10', 'IDLE', '', '', '2014-02-23 00:39:43'),
(764, 732, 'rusak', 21, 19, 41, '', '', '1757', '', '', 'D34_01_11', 'MUMED', '', '', '2014-02-23 00:39:43'),
(765, 733, 'rusak', 21, 19, 42, '', '', '1758', '', '', 'D34_01_12', 'MUMED', '', '', '2014-02-23 00:39:44'),
(766, 734, 'rusak', 21, 19, 43, '', '', '1760', '', '', 'D34_01_13', 'MUMED', '', '', '2014-02-23 00:39:44'),
(767, 735, 'rusak', 21, 19, 44, '', '', '183', '', '', 'D34_01_14', 'MUMED', '', 'B02_01_24', '2014-02-23 00:39:44'),
(768, 736, 'rusak', 21, 16, 45, '', '', '', '1-46-0', '', 'D34_01_15', 'IDLE', '', '', '2014-02-23 00:39:44'),
(769, 737, 'rusak', 21, 16, 46, '', '', '', '1-47-0', '', 'D34_01_16', 'IDLE', '', '', '2014-02-23 00:39:44'),
(770, 738, 'rusak', 21, 16, 47, '', '', '', '1-48-0', '', 'D34_01_17', 'IDLE', '', '', '2014-02-23 00:39:44'),
(771, 739, 'rusak', 21, 16, 48, '', '', '', '4-35-1', '', 'D34_01_18', 'IDLE', '', '', '2014-02-23 00:39:44'),
(772, 740, 'rusak', 35, 19, 49, '', '', '', '', '', 'D34_01_19', 'FLEXI', '', ' B15_11_05', '2014-02-23 00:39:45'),
(773, 741, 'rusak', 35, 19, 50, '', '', '', '', '', 'D34_01_20', 'FLEXI', '', 'F11_06_05', '2014-02-23 00:39:45'),
(774, 742, 'rusak', 35, 19, 51, '', '', '', '', '', 'D34_01_21', 'FLEXI', '', ' B15_11_18', '2014-02-23 00:39:45'),
(775, 743, 'rusak', 21, 19, 31, '', '', '', '', '', 'D34_02_01', 'IDLE', '', '', '2014-02-23 00:39:45'),
(776, 744, 'rusak', 21, 21, 32, '', '', '', '', '', 'D34_02_02', 'IDLE', '', '', '2014-02-23 00:39:45'),
(777, 745, 'rusak', 21, 24, 33, '', '', '', '3-40-1', '', 'D34_02_03', 'IDLE', '', '', '2014-02-23 00:39:45'),
(778, 746, 'rusak', 21, 21, 34, '', '', '', '', '', 'D34_02_04', 'IDLE', '', '', '2014-02-23 00:39:45'),
(779, 747, 'rusak', 21, 21, 35, '', '', '', '', '', 'D34_02_05', 'IDLE', '', '', '2014-02-23 00:39:45'),
(780, 748, 'rusak', 21, 19, 36, '', '', '', '', '', 'D34_02_06', 'CSM', '', 'C05_12_13', '2014-02-23 00:39:45'),
(781, 749, 'rusak', 21, 24, 37, '', '', '', '', '', 'D34_02_07', 'IDLE', '', '', '2014-02-23 00:39:46'),
(782, 750, 'rusak', 21, 19, 38, '', '', '', '', '', 'D34_02_08', 'IDLE', '', '', '2014-02-23 00:39:46'),
(783, 751, 'rusak', 21, 24, 39, '', '', '', '', '', 'D34_02_09', 'IDLE', '', '', '2014-02-23 00:39:46'),
(784, 752, 'rusak', 21, 24, 40, '', '', '', '', '', 'D34_02_10', 'IDLE', '', '', '2014-02-23 00:39:46'),
(785, 753, 'rusak', 21, 19, 41, '', '', '4462', '', 'OR 31_08_15', 'D34_02_11', 'MUMED', '', 'D16_08_15', '2014-02-23 00:39:46'),
(786, 754, 'rusak', 21, 19, 42, '', '', '', '', '', 'D34_02_12', 'IDLE', '', '', '2014-02-23 00:39:46'),
(787, 755, 'rusak', 21, 19, 43, '', '', '', '', '', 'D34_02_13', 'IDLE', '', '', '2014-02-23 00:39:46'),
(788, 756, 'rusak', 21, 19, 44, '', '', '', '', '', 'D34_02_14', 'IDLE', '', '', '2014-02-23 00:39:46'),
(789, 757, 'rusak', 21, 19, 45, '', '', '', '', '', 'D34_02_15', 'IDLE', '', '', '2014-02-23 00:39:46'),
(790, 758, 'rusak', 21, 19, 46, '', '', '', '', '', 'D34_02_16', 'IDLE', '', '', '2014-02-23 00:39:46'),
(791, 759, 'rusak', 21, 19, 47, '', '', '', '', '', 'D34_02_17', 'IDLE', '', '', '2014-02-23 00:39:46'),
(792, 760, 'rusak', 21, 19, 48, '', '', '', '', '', 'D34_02_18', 'IDLE', '', '', '2014-02-23 00:39:47'),
(793, 761, 'rusak', 21, 19, 49, '', '', '', '', '', 'D34_02_19', 'IDLE', '', '', '2014-02-23 00:39:47'),
(794, 762, 'rusak', 21, 19, 50, '', '', '', '', '', 'D34_02_20', 'IDLE', '', '', '2014-02-23 00:39:47'),
(795, 763, 'rusak', 21, 19, 51, '', '', '', '', '', 'D34_02_21', 'IDLE', '', '', '2014-02-23 00:39:47'),
(796, 764, 'rusak', 21, 19, 31, '', '', '', '', '', '', 'no.conect', '', '', '2014-02-23 00:39:47'),
(797, 765, 'rusak', 21, 19, 32, '', '', '', '', '', '', 'no.conect', '', '', '2014-02-23 00:39:47'),
(798, 766, 'rusak', 21, 19, 33, '', '', '', '', '', '', 'no.conect', '', '', '2014-02-23 00:39:47'),
(799, 767, 'rusak', 21, 19, 34, '', '', '', '', '', '', 'no.conect', '', '', '2014-02-23 00:39:47'),
(800, 768, 'rusak', 21, 19, 35, '', '', '', '', '', '', 'no.conect', '', '', '2014-02-23 00:39:47'),
(801, 769, 'rusak', 21, 19, 36, '', '', '', '', '', '', 'no.conect', '', '', '2014-02-23 00:39:47'),
(802, 770, 'rusak', 21, 19, 37, '', '', '', '', '', '', 'no.conect', '', '', '2014-02-23 00:39:48'),
(803, 771, 'rusak', 21, 19, 38, '', '', '', '', '', '', 'no.conect', '', '', '2014-02-23 00:39:48'),
(804, 772, 'rusak', 21, 19, 39, '', '', '', '', '', '', 'no.conect', '', '', '2014-02-23 00:39:48'),
(805, 773, 'rusak', 21, 19, 40, '', '', '', '', '', '', 'no.conect', '', '', '2014-02-23 00:39:48'),
(806, 774, 'rusak', 21, 19, 41, '', '', '', '', '', '', 'no.conect', '', '', '2014-02-23 00:39:48'),
(807, 775, 'rusak', 21, 19, 42, '', '', '', '', '', '', 'no.conect', '', '', '2014-02-23 00:39:48'),
(808, 776, 'rusak', 21, 19, 43, '', '', '', '', '', '', 'no.conect', '', '', '2014-02-23 00:39:48'),
(809, 777, 'rusak', 21, 19, 44, '', '', '', '', '', '', 'no.conect', '', '', '2014-02-23 00:39:48'),
(810, 778, 'rusak', 21, 19, 45, '', '', '', '', '', '', 'no.conect', '', '', '2014-02-23 00:39:48'),
(811, 779, 'rusak', 21, 19, 46, '', '', '', '', '', '', 'no.conect', '', '', '2014-02-23 00:39:49'),
(812, 780, 'rusak', 21, 19, 47, '', '', '', '', '', '', 'no.conect', '', '', '2014-02-23 00:39:49'),
(813, 781, 'rusak', 21, 19, 48, '', '', '', '', '', '', 'no.conect', '', '', '2014-02-23 00:39:49'),
(814, 782, 'rusak', 21, 19, 49, '', '', '', '', '', '', 'no.conect', '', '', '2014-02-23 00:39:49'),
(815, 783, 'rusak', 21, 19, 50, '', '', '', '', '', '', 'no.conect', '', '', '2014-02-23 00:39:49'),
(816, 784, 'rusak', 21, 19, 51, '', '', '', '', '', '', 'no.conect', '', '', '2014-02-23 00:39:49'),
(817, 785, 'rusak', 21, 19, 31, '', '', '', '', '', '', 'no.conect', '', '', '2014-02-23 00:39:49'),
(818, 786, 'rusak', 21, 19, 32, '', '', '', '', '', '', 'no.conect', '', '', '2014-02-23 00:39:50'),
(819, 787, 'rusak', 21, 19, 33, '', '', '', '', '', '', 'no.conect', '', '', '2014-02-23 00:39:50'),
(820, 788, 'rusak', 21, 19, 34, '', '', '', '', '', '', 'no.conect', '', '', '2014-02-23 00:39:50'),
(821, 789, 'rusak', 21, 19, 35, '', '', '', '', '', '', 'no.conect', '', '', '2014-02-23 00:39:50'),
(822, 790, 'rusak', 21, 19, 36, '', '', '', '', '', '', 'no.conect', '', '', '2014-02-23 00:39:50'),
(823, 791, 'rusak', 21, 19, 37, '', '', '', '', '', '', 'no.conect', '', '', '2014-02-23 00:39:50'),
(824, 792, 'rusak', 21, 19, 38, '', '', '', '', '', '', 'no.conect', '', '', '2014-02-23 00:39:50'),
(825, 793, 'rusak', 21, 19, 39, '', '', '', '', '', '', 'no.conect', '', '', '2014-02-23 00:39:50'),
(826, 794, 'rusak', 21, 19, 40, '', '', '', '', '', '', 'no.conect', '', '', '2014-02-23 00:39:50'),
(827, 795, 'rusak', 21, 19, 41, '', '', '', '', '', '', 'no.conect', '', '', '2014-02-23 00:39:50'),
(828, 796, 'rusak', 21, 19, 42, '', '', '', '', '', '', 'no.conect', '', '', '2014-02-23 00:39:50'),
(829, 797, 'rusak', 21, 19, 43, '', '', '', '', '', '', 'no.conect', '', '', '2014-02-23 00:39:51'),
(830, 798, 'rusak', 21, 19, 44, '', '', '', '', '', '', 'no.conect', '', '', '2014-02-23 00:39:51'),
(831, 799, 'rusak', 21, 19, 45, '', '', '', '', '', '', 'no.conect', '', '', '2014-02-23 00:39:51'),
(832, 800, 'rusak', 21, 19, 46, '', '', '', '', '', '', 'no.conect', '', '', '2014-02-23 00:39:51'),
(833, 801, 'rusak', 21, 19, 47, '', '', '', '', '', '', 'no.conect', '', '', '2014-02-23 00:39:51'),
(834, 802, 'rusak', 21, 19, 48, '', '', '', '', '', '', 'no.conect', '', '', '2014-02-23 00:39:51'),
(835, 803, 'rusak', 21, 19, 49, '', '', '', '', '', '', 'no.conect', '', '', '2014-02-23 00:39:51'),
(836, 804, 'rusak', 21, 19, 50, '', '', '', '', '', '', 'no.conect', '', '', '2014-02-23 00:39:51'),
(837, 805, 'rusak', 21, 19, 51, '', '', '', '', '', '', 'no.conect', '', '', '2014-02-23 00:39:52'),
(838, 806, 'rusak', 21, 19, 31, '', '', '', '', '', '', 'no.conect', '', '', '2014-02-23 00:39:52'),
(839, 807, 'rusak', 21, 19, 32, '', '', '', '', '', '', 'no.conect', '', '', '2014-02-23 00:39:52'),
(840, 808, 'rusak', 21, 19, 33, '', '', '', '', '', '', 'no.conect', '', '', '2014-02-23 00:39:52'),
(841, 809, 'rusak', 21, 19, 34, '', '', '', '', '', '', 'no.conect', '', '', '2014-02-23 00:39:52'),
(842, 810, 'rusak', 21, 19, 35, '', '', '', '', '', '', 'no.conect', '', '', '2014-02-23 00:39:52'),
(843, 811, 'rusak', 21, 19, 36, '', '', '', '', '', '', 'no.conect', '', '', '2014-02-23 00:39:52'),
(844, 812, 'rusak', 21, 19, 37, '', '', '', '', '', '', 'no.conect', '', '', '2014-02-23 00:39:52'),
(845, 813, 'rusak', 21, 19, 38, '', '', '', '', '', '', 'no.conect', '', '', '2014-02-23 00:39:52'),
(846, 814, 'rusak', 21, 19, 39, '', '', '', '', '', '', 'no.conect', '', '', '2014-02-23 00:39:52'),
(847, 815, 'rusak', 21, 19, 40, '', '', '', '', '', '', 'no.conect', '', '', '2014-02-23 00:39:53'),
(848, 816, 'rusak', 21, 19, 41, '', '', '', '', '', '', 'no.conect', '', '', '2014-02-23 00:39:53'),
(849, 817, 'rusak', 21, 19, 42, '', '', '', '', '', '', 'no.conect', '', '', '2014-02-23 00:39:53'),
(850, 818, 'rusak', 21, 19, 43, '', '', '', '', '', '', 'no.conect', '', '', '2014-02-23 00:39:53'),
(851, 819, 'rusak', 21, 19, 44, '', '', '', '', '', '', 'no.conect', '', '', '2014-02-23 00:39:53'),
(852, 820, 'rusak', 21, 19, 45, '', '', '', '', '', '', 'no.conect', '', '', '2014-02-23 00:39:53'),
(853, 821, 'rusak', 21, 19, 46, '', '', '', '', '', '', 'no.conect', '', '', '2014-02-23 00:39:53'),
(854, 822, 'rusak', 21, 19, 47, '', '', '', '', '', '', 'no.conect', '', '', '2014-02-23 00:39:53'),
(855, 823, 'rusak', 21, 19, 48, '', '', '', '', '', '', 'no.conect', '', '', '2014-02-23 00:39:53'),
(856, 824, 'rusak', 21, 19, 49, '', '', '', '', '', '', 'no.conect', '', '', '2014-02-23 00:39:54'),
(857, 825, 'rusak', 21, 19, 50, '', '', '', '', '', '', 'no.conect', '', '', '2014-02-23 00:39:54'),
(858, 826, 'rusak', 21, 19, 51, '', '', '', '', '', '', 'no.conect', '', '', '2014-02-23 00:39:54'),
(859, 827, 'rusak', 21, 19, 31, '', '', '', '', '', '', 'no.conect', '', '', '2014-02-23 00:39:54'),
(860, 828, 'rusak', 21, 19, 32, '', '', '', '', '', '', 'no.conect', '', '', '2014-02-23 00:39:54'),
(861, 829, 'rusak', 21, 19, 33, '', '', '', '', '', '', 'no.conect', '', '', '2014-02-23 00:39:54'),
(862, 830, 'rusak', 21, 19, 34, '', '', '', '', '', '', 'no.conect', '', '', '2014-02-23 00:39:54'),
(863, 831, 'rusak', 21, 19, 35, '', '', '', '', '', '', 'no.conect', '', '', '2014-02-23 00:39:54'),
(864, 832, 'rusak', 21, 19, 36, '', '', '', '', '', '', 'no.conect', '', '', '2014-02-23 00:39:54'),
(865, 833, 'rusak', 21, 19, 37, '', '', '', '', '', '', 'no.conect', '', '', '2014-02-23 00:39:55'),
(866, 834, 'rusak', 21, 19, 38, '', '', '', '', '', '', 'no.conect', '', '', '2014-02-23 00:39:55'),
(867, 835, 'rusak', 21, 19, 39, '', '', '', '', '', '', 'no.conect', '', '', '2014-02-23 00:39:55'),
(868, 836, 'rusak', 21, 19, 40, '', '', '', '', '', '', 'no.conect', '', '', '2014-02-23 00:39:55'),
(869, 837, 'rusak', 21, 19, 41, '', '', '', '', '', '', 'no.conect', '', '', '2014-02-23 00:39:55'),
(870, 838, 'rusak', 21, 19, 42, '', '', '', '', '', '', 'no.conect', '', '', '2014-02-23 00:39:55'),
(871, 839, 'rusak', 21, 19, 43, '', '', '', '', '', '', 'no.conect', '', '', '2014-02-23 00:39:55'),
(872, 840, 'rusak', 21, 19, 44, '', '', '', '', '', '', 'no.conect', '', '', '2014-02-23 00:39:55'),
(873, 841, 'rusak', 21, 19, 45, '', '', '', '', '', '', 'no.conect', '', '', '2014-02-23 00:39:55'),
(874, 842, 'rusak', 21, 19, 46, '', '', '', '', '', '', 'no.conect', '', '', '2014-02-23 00:39:55'),
(875, 843, 'rusak', 21, 19, 47, '', '', '', '', '', '', 'no.conect', '', '', '2014-02-23 00:39:55'),
(876, 844, 'rusak', 21, 19, 48, '', '', '', '', '', '', 'no.conect', '', '', '2014-02-23 00:39:56'),
(877, 845, 'rusak', 21, 19, 49, '', '', '', '', '', '', 'no.conect', '', '', '2014-02-23 00:39:56'),
(878, 846, 'rusak', 21, 19, 50, '', '', '', '', '', '', 'no.conect', '', '', '2014-02-23 00:39:56'),
(879, 847, 'rusak', 21, 19, 51, '', '', '', '', '', '', 'no.conect', '', '', '2014-02-23 00:39:56'),
(880, 848, 'rusak', 21, 19, 31, '', '', '', '', '', '', 'no.conect', '', '', '2014-02-23 00:39:56'),
(881, 849, 'rusak', 21, 19, 32, '', '', '', '', '', '', 'no.conect', '', '', '2014-02-23 00:39:56'),
(882, 850, 'rusak', 21, 19, 33, '', '', '', '', '', '', 'no.conect', '', '', '2014-02-23 00:39:56'),
(883, 851, 'rusak', 21, 19, 34, '', '', '', '', '', '', 'no.conect', '', '', '2014-02-23 00:39:56'),
(884, 852, 'rusak', 21, 19, 35, '', '', '', '', '', '', 'no.conect', '', '', '2014-02-23 00:39:56'),
(885, 853, 'rusak', 21, 19, 36, '', '', '', '', '', '', 'no.conect', '', '', '2014-02-23 00:39:56'),
(886, 854, 'rusak', 21, 19, 37, '', '', '', '', '', '', 'no.conect', '', '', '2014-02-23 00:39:56');

-- --------------------------------------------------------

--
-- Table structure for table `tb_sirkit(shadow)`
--

CREATE TABLE IF NOT EXISTS `tb_sirkit(shadow)` (
  `id_sirkit` int(11) NOT NULL AUTO_INCREMENT,
  `id_per_detail` int(11) NOT NULL,
  `kondisi` enum('rusak','normal') NOT NULL,
  `id_linka` int(11) NOT NULL,
  `id_linkb` int(11) NOT NULL,
  `id_user` int(11) NOT NULL,
  `st_a` varchar(50) NOT NULL,
  `st_b` varchar(50) NOT NULL,
  `tc` varchar(50) NOT NULL,
  `ddf_tc` varchar(50) NOT NULL,
  `ddf_user` varchar(50) NOT NULL,
  `tid` varchar(50) NOT NULL,
  `diu` varchar(50) NOT NULL,
  `tie_line` varchar(50) NOT NULL,
  `keterangan` text NOT NULL,
  `tgl_update` datetime NOT NULL,
  PRIMARY KEY (`id_sirkit`),
  KEY `id_linkB` (`id_linkb`),
  KEY `id_linkA` (`id_linka`),
  KEY `id_user` (`id_user`),
  KEY `id_user_2` (`id_user`),
  KEY `id_linkA_2` (`id_linka`),
  KEY `id_per_detail` (`id_per_detail`)
) ENGINE=InnoDB DEFAULT CHARSET=latin1 AUTO_INCREMENT=1 ;

--
-- Dumping data for table `tb_sirkit(shadow)`
--


-- --------------------------------------------------------

--
-- Table structure for table `tb_sistra`
--

CREATE TABLE IF NOT EXISTS `tb_sistra` (
  `id_sistra` int(11) NOT NULL AUTO_INCREMENT,
  `sistra` varchar(50) NOT NULL,
  PRIMARY KEY (`id_sistra`)
) ENGINE=InnoDB  DEFAULT CHARSET=latin1 AUTO_INCREMENT=3 ;

--
-- Dumping data for table `tb_sistra`
--

INSERT INTO `tb_sistra` (`id_sistra`, `sistra`) VALUES
(1, 'DWDM'),
(2, 'ALCATEL');

-- --------------------------------------------------------

--
-- Table structure for table `tb_user`
--

CREATE TABLE IF NOT EXISTS `tb_user` (
  `id_user` int(11) NOT NULL AUTO_INCREMENT,
  `user` varchar(50) NOT NULL,
  `keterangan` text NOT NULL,
  PRIMARY KEY (`id_user`)
) ENGINE=InnoDB  DEFAULT CHARSET=latin1 AUTO_INCREMENT=52 ;

--
-- Dumping data for table `tb_user`
--

INSERT INTO `tb_user` (`id_user`, `user`, `keterangan`) VALUES
(1, 'idle', 'idle'),
(2, 'sti', 'sti'),
(3, 'mumed', 'mumed'),
(4, 'gaharu', 'gaharu'),
(5, 'telkomsel', 'telkomsel'),
(6, 'c s m', 'c s m'),
(7, 'city bank', 'city bank'),
(8, 'tc', 'tc'),
(9, 'trunk', 'trunk'),
(10, 'isi', 'isi'),
(11, 'flexi', 'flexi'),
(12, 'stp', 'stp'),
(13, 'cdc', 'cdc'),
(14, 'is sentre', 'is sentre'),
(15, 'csm', 'csm'),
(16, 'no.conect', 'no.conect'),
(17, 'telin', 'telin'),
(18, 'xot', 'xot'),
(19, 'natrindo', 'natrindo'),
(20, 'yes tv', 'yes tv'),
(21, 'no conect', 'no conect'),
(22, 'nms', 'nms'),
(23, 'nkcs', 'nkcs'),
(24, 'nms zte', 'nms zte'),
(25, 'nms sub', 'nms sub'),
(26, 'dcn', 'dcn'),
(27, 'obc', 'obc'),
(28, 'datakit', 'datakit'),
(29, 'intranet', 'intranet'),
(30, '', ''),
(31, '01', '01'),
(32, '02', '02'),
(33, '03', '03'),
(34, '04', '04'),
(35, '05', '05'),
(36, '06', '06'),
(37, '07', '07'),
(38, '08', '08'),
(39, '09', '09'),
(40, '10', '10'),
(41, '11', '11'),
(42, '12', '12'),
(43, '13', '13'),
(44, '14', '14'),
(45, '15', '15'),
(46, '16', '16'),
(47, '17', '17'),
(48, '18', '18'),
(49, '19', '19'),
(50, '20', '20'),
(51, '21', '21');

--
-- Constraints for dumped tables
--

--
-- Constraints for table `tb_backbone`
--
ALTER TABLE `tb_backbone`
  ADD CONSTRAINT `tb_backbone_ibfk_1` FOREIGN KEY (`id_sistra`) REFERENCES `tb_sistra` (`id_sistra`);

--
-- Constraints for table `tb_ggn`
--
ALTER TABLE `tb_ggn`
  ADD CONSTRAINT `tb_ggn_ibfk_1` FOREIGN KEY (`id_koordinasi`) REFERENCES `tb_koordinasi` (`id_koordinasi`);

--
-- Constraints for table `tb_koordinasi`
--
ALTER TABLE `tb_koordinasi`
  ADD CONSTRAINT `tb_koordinasi_ibfk_1` FOREIGN KEY (`id_peg`) REFERENCES `tb_peg` (`id_peg`);

--
-- Constraints for table `tb_perangkat_detail`
--
ALTER TABLE `tb_perangkat_detail`
  ADD CONSTRAINT `tb_perangkat_detail_ibfk_1` FOREIGN KEY (`id_per`) REFERENCES `tb_perangkat` (`id`);

--
-- Constraints for table `tb_sirkit`
--
ALTER TABLE `tb_sirkit`
  ADD CONSTRAINT `tb_sirkit_ibfk_2` FOREIGN KEY (`id_linkb`) REFERENCES `tb_linkb` (`id_linkb`),
  ADD CONSTRAINT `tb_sirkit_ibfk_3` FOREIGN KEY (`id_linka`) REFERENCES `tb_linka` (`id_linka`),
  ADD CONSTRAINT `tb_sirkit_ibfk_5` FOREIGN KEY (`id_user`) REFERENCES `tb_user` (`id_user`),
  ADD CONSTRAINT `tb_sirkit_ibfk_6` FOREIGN KEY (`id_linka`) REFERENCES `tb_linka` (`id_linka`),
  ADD CONSTRAINT `tb_sirkit_ibfk_7` FOREIGN KEY (`id_linkb`) REFERENCES `tb_linkb` (`id_linkb`),
  ADD CONSTRAINT `tb_sirkit_ibfk_9` FOREIGN KEY (`id_per_detail`) REFERENCES `tb_perangkat_detail` (`id_per_detail`);

/*!40101 SET CHARACTER_SET_CLIENT=@OLD_CHARACTER_SET_CLIENT */;
/*!40101 SET CHARACTER_SET_RESULTS=@OLD_CHARACTER_SET_RESULTS */;
/*!40101 SET COLLATION_CONNECTION=@OLD_COLLATION_CONNECTION */;
